﻿<?xml version="1.0" encoding="utf-8"?>
<deployment>
  <id>6a5bf355fe784df9a24db316fee780de</id>
  <author>N/A</author>
  <deployer>az_cli_functions</deployer>
  <authorEmail>N/A</authorEmail>
  <message>Created via a push deployment</message>
  <progress></progress>
  <status>Success</status>
  <statusText></statusText>
  <lastSuccessEndTime>2025-11-19T12:41:21.469344Z</lastSuccessEndTime>
  <receivedTime>2025-11-19T12:41:16.2979189Z</receivedTime>
  <startTime>2025-11-19T12:41:17.0318403Z</startTime>
  <endTime>2025-11-19T12:41:21.469344Z</endTime>
  <complete>True</complete>
  <is_temp>False</is_temp>
  <is_readonly>True</is_readonly>
  <project_type>BASIC</project_type>
  <vsproject_id></vsproject_id>
</deployment>