﻿<?xml version="1.0" encoding="utf-8"?>
<deployment>
  <id>008bae9be160486e851e0dce5e037993</id>
  <author>N/A</author>
  <deployer>az_cli_functions</deployer>
  <authorEmail>N/A</authorEmail>
  <message>Created via a push deployment</message>
  <progress></progress>
  <status>Success</status>
  <statusText></statusText>
  <lastSuccessEndTime>2025-11-19T05:03:34.6762239Z</lastSuccessEndTime>
  <receivedTime>2025-11-19T05:03:27.9730344Z</receivedTime>
  <startTime>2025-11-19T05:03:28.6761696Z</startTime>
  <endTime>2025-11-19T05:03:34.6762239Z</endTime>
  <complete>True</complete>
  <is_temp>False</is_temp>
  <is_readonly>True</is_readonly>
  <project_type>BASIC</project_type>
  <vsproject_id></vsproject_id>
</deployment>