<step title="BackgroundTrace" date="2025-11-19T13:04:01.954" instance="aa70e5" url="synctriggers-operation" method="POST" >
  <step title="Cleanup Xml Logs" date="2025-11-19T13:04:01.969" /><!-- duration: 31ms -->
  <step title="Updating shutdown sentinel last write time" date="2025-11-19T13:04:02.016" SemaphoreCount="6" /><!-- duration: 16ms -->
  <step title="Delaying &apos;00:01:00&apos; for Functions site to restart." date="2025-11-19T13:04:02.063" /><!-- duration: 15ms -->
  <step title="Begin HttpPost https://fnt42kldozqahcu.azurewebsites.net/admin/host/synctriggers, x-ms-request-id: ffbd221b-c546-11f0-b01b-1c792dfc69dd" date="2025-11-19T13:05:02.130" /><!-- duration: 31ms -->
  <step title="End HttpPost, status: ServiceUnavailable" date="2025-11-19T13:05:40.100" /><!-- duration: 31ms -->
  <step title="Begin HttpPost https://fnt42kldozqahcu.azurewebsites.net/admin/host/synctriggers, x-ms-request-id: ffbd221b-c546-11f0-b01b-1c792dfc69dd" date="2025-11-19T13:05:41.178" /><!-- duration: 16ms -->
  <step title="End HttpPost, status: OK" date="2025-11-19T13:05:45.294" /><!-- duration: 16ms -->
  <step title="Syncing function triggers by calling the functions runtime site successful." date="2025-11-19T13:05:45.325" /><!-- duration: 31ms -->
  <step title="Deleting shutdown sentinel file" date="2025-11-19T13:05:45.372" SemaphoreCount="8" /><!-- duration: 16ms -->
</step><!-- duration: 103465ms -->
