<step title="Incoming Request" date="2025-11-19T04:54:42.035" instance="4d3849" url="/api/zipdeploy?isAsync=true&amp;Deployer=az_cli_functions" method="POST" type="request" pid="952,2,12" Cache-Control="no-cache" Content-Length="30847" Content-Type="application/octet-stream" Accept="*/*" Accept-Encoding="gzip, deflate" Authorization="Bas..." Host="fnt42kldozqahcu.scm.azurewebsites.net" User-Agent="AZURECLI/2.54.0 (MSI)" x-ms-client-request-id="d74043bf-c503-11f0-bcfc-1c792dfc69dd" X-ARR-LOG-ID="d74043bf-c503-11f0-bcfc-1c792dfc69dd" CLIENT-IP="159.196.168.42:13984" X-SITE-DEPLOYMENT-ID="fnt42kldozqahcu" WAS-DEFAULT-HOSTNAME="fnt42kldozqahcu.scm.azurewebsites.net" X-Forwarded-Proto="https" X-AppService-Proto="https" X-Forwarded-TlsVersion="1.3" X-WAWS-Unencoded-URL="/api/zipdeploy?isAsync=true&amp;Deployer=az_cli_functions" >
  <step title="Cleanup Xml Logs" date="2025-11-19T04:54:42.082" /><!-- duration: 31ms -->
  <step title="ZipPushDeploy" date="2025-11-19T04:54:42.160" >
    <step title="Functions App ZipDeploy. Extract zip. " date="2025-11-19T04:54:42.191" /><!-- duration: 16ms -->
    <step title="Starting PushDeployAsync" date="2025-11-19T04:54:42.223" /><!-- duration: 31ms -->
    <step title="Updating shutdown sentinel last write time" date="2025-11-19T04:54:42.316" SemaphoreCount="7" /><!-- duration: 16ms -->
    <step title="LockFile &apos;C:\home\site\locks\deployments.lock&apos; acquired" date="2025-11-19T04:54:42.410" /><!-- duration: 16ms -->
    <step title="Saving request content to C:\local\Temp\zipdeploy\1sajsr3r.zip" date="2025-11-19T04:54:42.441" >
      <step title="Total 30,847 bytes written to C:\local\Temp\zipdeploy\1sajsr3r.zip" date="2025-11-19T04:54:42.473" /><!-- duration: 16ms -->
    </step><!-- duration: 78ms -->
    <step title="LockFile &apos;C:\home\site\locks\deployments.lock&apos; released" date="2025-11-19T04:54:42.551" /><!-- duration: 16ms -->
    <step title="Deleting shutdown sentinel file" date="2025-11-19T04:54:42.629" SemaphoreCount="8" /><!-- duration: 16ms -->
    <step title="Starting FetchDeploy" date="2025-11-19T04:54:42.676" /><!-- duration: 16ms -->
    <step title="Start deployment in the background" date="2025-11-19T04:54:42.707" /><!-- duration: 297ms -->
  </step><!-- duration: 875ms -->
  <step title="Outgoing response" date="2025-11-19T04:54:43.051" type="response" statusCode="202" statusText="Accepted" Server="Microsoft-IIS/10.0" x-ms-request-id="d74043bf-c503-11f0-bcfc-1c792dfc69dd" Retry-After="30" Cache-Control="private" X-AspNet-Version="4.0.30319" Location="https://fnt42kldozqahcu.scm.azurewebsites.net/api/deployments/latest?deployer=az_cli_functions&amp;time=2025-11-19_04-54-43Z" /><!-- duration: 16ms -->
</step><!-- duration: 1063ms -->
