<step title="BackgroundTrace" date="2025-11-19T05:19:19.853" instance="4d3849" url="/api/zipdeploy" method="POST" >
  <step title="Updating shutdown sentinel last write time" date="2025-11-19T05:19:19.900" SemaphoreCount="7" /><!-- duration: 31ms -->
  <step title="LockFile &apos;C:\home\site\locks\deployments.lock&apos; acquired" date="2025-11-19T05:19:19.947" /><!-- duration: 31ms -->
  <step title="Creating temporary deployment" date="2025-11-19T05:19:19.994" /><!-- duration: 203ms -->
  <step title="Performing fetch based deployment" date="2025-11-19T05:19:20.228" >
    <step title="Fetching changes." date="2025-11-19T05:19:20.462" /><!-- duration: 16ms -->
    <step title="Starting LocalZipHandler" date="2025-11-19T05:19:20.509" /><!-- duration: 31ms -->
    <step title="Cleaning up temp folders from previous zip deployments and extracting pushed zip file C:\local\Temp\zipdeploy\lh3spimr.zip (0.03 MB) to C:\local\Temp\zipdeploy\extracted" date="2025-11-19T05:19:20.806" /><!-- duration: 16ms -->
    <step title="Cleaning up temp folders from previous zip deployments and extracting pushed zip file C:\local\Temp\zipdeploy\lh3spimr.zip (0.03 MB) to C:\local\Temp\zipdeploy\extracted" date="2025-11-19T05:19:20.837" >
      <step title="Extracting 21 entries to C:\local\Temp\zipdeploy\extracted directory" date="2025-11-19T05:19:20.884" >
        <step title="Extracting to C:\local\Temp\zipdeploy\extracted\dist\app.js ..." date="2025-11-19T05:19:20.900" /><!-- duration: 47ms -->
        <step title="Extracting to C:\local\Temp\zipdeploy\extracted\dist\app.js.map ..." date="2025-11-19T05:19:20.962" /><!-- duration: 16ms -->
        <step title="Extracting to C:\local\Temp\zipdeploy\extracted\dist\index.js ..." date="2025-11-19T05:19:21.009" /><!-- duration: 16ms -->
        <step title="Extracting to C:\local\Temp\zipdeploy\extracted\dist\index.js.map ..." date="2025-11-19T05:19:21.056" /><!-- duration: 31ms -->
        <step title="Extracting to C:\local\Temp\zipdeploy\extracted\dist\functions\ab-test-old.js ..." date="2025-11-19T05:19:21.119" /><!-- duration: 16ms -->
        <step title="Omitting extracting file traces ..." date="2025-11-19T05:19:21.150" /><!-- duration: 31ms -->
        <step title="Extracting to C:\local\Temp\zipdeploy\extracted\dist\functions\upload.js ..." date="2025-11-19T05:19:21.197" /><!-- duration: 31ms -->
        <step title="Extracting to C:\local\Temp\zipdeploy\extracted\dist\functions\upload.js.map ..." date="2025-11-19T05:19:21.244" /><!-- duration: 16ms -->
        <step title="Extracting to C:\local\Temp\zipdeploy\extracted\host.json ..." date="2025-11-19T05:19:21.306" /><!-- duration: 31ms -->
        <step title="Extracting to C:\local\Temp\zipdeploy\extracted\package.json ..." date="2025-11-19T05:19:21.369" /><!-- duration: 16ms -->
        <step title="Extracting to C:\local\Temp\zipdeploy\extracted\package-lock.json ..." date="2025-11-19T05:19:21.400" /><!-- duration: 63ms -->
      </step><!-- duration: 594ms -->
    </step><!-- duration: 672ms -->
    <step title="Before sending BuildRequestReceived status to /api/updatedeploystatus" date="2025-11-19T05:19:21.525" /><!-- duration: 16ms -->
    <step title="DeploymentManager.Deploy(id:ef6d87fd472b49c0bd0aa8b4f3a88dfa)" date="2025-11-19T05:19:21.572" >
      <step title="Collecting changeset information" date="2025-11-19T05:19:21.619" /><!-- duration: 156ms -->
      <step title="Updating submodules" date="2025-11-19T05:19:21.791" >
        <step title="Updating submodules." date="2025-11-19T05:19:21.994" /><!-- duration: 16ms -->
      </step><!-- duration: 250ms -->
      <step title="Preparing deployment for commit id &apos;ef6d87fd47&apos;." date="2025-11-19T05:19:22.259" /><!-- duration: 16ms -->
      <step title="Determining deployment builder" date="2025-11-19T05:19:22.447" >
        <step title="Builder is BasicBuilder" date="2025-11-19T05:19:22.478" /><!-- duration: 16ms -->
      </step><!-- duration: 78ms -->
      <step title="Copying SSH keys" date="2025-11-19T05:19:22.603" /><!-- duration: 31ms -->
      <step title="Building" date="2025-11-19T05:19:22.650" >
        <step title="Generating deployment script." date="2025-11-19T05:19:22.837" /><!-- duration: 16ms -->
        <step title="Generating deployment script" date="2025-11-19T05:19:22.900" >
          <step title="Using cached version of the deployment script for command: -y --no-dot-deployment -r &quot;C:\local\Temp\zipdeploy\extracted&quot; -o &quot;C:\home\site\deployments\tools&quot; --basic --sitePath &quot;C:\local\Temp\zipdeploy\extracted&quot;" date="2025-11-19T05:19:23.025" /><!-- duration: 16ms -->
          <step title="Using cached version of deployment script (command: &apos;azure -y --no-dot-deployment -r &quot;C:\local\Temp\zipdeploy\extracted&quot; -o &quot;C:\home\site\deployments\tools&quot; --basic --sitePath &quot;C:\local\Temp\zipdeploy\extracted&quot;&apos;)." date="2025-11-19T05:19:23.103" /><!-- duration: 16ms -->
        </step><!-- duration: 250ms -->
        <step title="Running deployment command..." date="2025-11-19T05:19:23.337" /><!-- duration: 16ms -->
        <step title="Command: &quot;C:\home\site\deployments\tools\deploy.cmd&quot;" date="2025-11-19T05:19:23.400" /><!-- duration: 31ms -->
        <step title="Executing external process" date="2025-11-19T05:19:23.462" type="process" path="starter.cmd" arguments="&quot;C:\home\site\deployments\tools\deploy.cmd&quot;" >
          <step title="Handling Basic Web Site deployment." date="2025-11-19T05:19:23.955" /><!-- duration: 30ms -->
          <step title="Creating app_offline.htm" date="2025-11-19T05:19:24.031" /><!-- duration: 16ms -->
          <step title="KuduSync.NET from: &apos;C:\local\Temp\zipdeploy\extracted&apos; to: &apos;C:\home\site\wwwroot&apos;" date="2025-11-19T05:19:24.109" /><!-- duration: 31ms -->
          <step title="Deleting app_offline.htm" date="2025-11-19T05:19:24.188" /><!-- duration: 16ms -->
          <step title="Finished successfully." date="2025-11-19T05:19:24.250" /><!-- duration: 16ms -->
        </step><!-- duration: 835ms -->
        <step title="Running post deployment command(s)..." date="2025-11-19T05:19:24.500" /><!-- duration: 16ms -->
        <step title="Triggering recycle (preview mode disabled)." date="2025-11-19T05:19:24.688" /><!-- duration: 31ms -->
        <step title="Ignoring FS watcher based recycle request as this is a classic Windows app." date="2025-11-19T05:19:24.734" /><!-- duration: 31ms -->
        <step title="Deployment successful. DEPLOYMENTINFO: deploymentPath = Functions App ZipDeploy. Extract zip. , deployer = az_cli_functions, os = windows, sku = Dynamic, language = node, siteName = fnt42kldozqahcu, slotName = Production, siteHostName = fnt42kldozqahcu.azurewebsites.net, deploymentStatus = Success" date="2025-11-19T05:19:24.969" /><!-- duration: 16ms -->
        <step title="Purge deployment items" date="2025-11-19T05:19:25.641" >
          <step title="Remove f69ece655, Success, received at 11/19/2025 2:55:28 AM" date="2025-11-19T05:19:25.859" /><!-- duration: 31ms -->
        </step><!-- duration: 281ms -->
      </step><!-- duration: 3678ms -->
    </step><!-- duration: 4772ms -->
    <step title="Cleaning up temp files" date="2025-11-19T05:19:26.375" /><!-- duration: 16ms -->
    <step title="Begin HttpPost https://fnt42kldozqahcu.scm.azurewebsites.net/operations/settriggers, x-ms-request-id: 477125ac-c507-11f0-990b-1c792dfc69dd" date="2025-11-19T05:19:26.471" /><!-- duration: 29ms -->
    <step title="End HttpPost, status: OK" date="2025-11-19T05:19:26.922" /><!-- duration: 16ms -->
    <step title="Scheduling background sync triggers after delay" date="2025-11-19T05:19:26.953" /><!-- duration: 16ms -->
  </step><!-- duration: 6944ms -->
  <step title="LockFile &apos;C:\home\site\locks\deployments.lock&apos; released" date="2025-11-19T05:19:27.203" /><!-- duration: 31ms -->
</step><!-- duration: 7428ms -->
