<step title="Incoming Request" date="2025-11-19T04:50:49.212" instance="4d3849" url="/api/zipdeploy?isAsync=true&amp;Deployer=az_cli_functions" method="POST" type="request" pid="952,2,7" Cache-Control="no-cache" Content-Length="31031" Content-Type="application/octet-stream" Accept="*/*" Accept-Encoding="gzip, deflate" Authorization="Bas..." Host="fnt42kldozqahcu.scm.azurewebsites.net" User-Agent="AZURECLI/2.54.0 (MSI)" x-ms-client-request-id="4dd2bdc1-c503-11f0-be20-1c792dfc69dd" X-ARR-LOG-ID="4dd2bdc1-c503-11f0-be20-1c792dfc69dd" CLIENT-IP="159.196.168.42:13906" X-SITE-DEPLOYMENT-ID="fnt42kldozqahcu" WAS-DEFAULT-HOSTNAME="fnt42kldozqahcu.scm.azurewebsites.net" X-Forwarded-Proto="https" X-AppService-Proto="https" X-Forwarded-TlsVersion="1.3" X-WAWS-Unencoded-URL="/api/zipdeploy?isAsync=true&amp;Deployer=az_cli_functions" >
  <step title="Cleanup Xml Logs" date="2025-11-19T04:50:49.228" /><!-- duration: 47ms -->
  <step title="ZipPushDeploy" date="2025-11-19T04:50:49.400" >
    <step title="Functions App ZipDeploy. Extract zip. " date="2025-11-19T04:50:49.447" /><!-- duration: 16ms -->
    <step title="Starting PushDeployAsync" date="2025-11-19T04:50:49.494" /><!-- duration: 16ms -->
    <step title="Updating shutdown sentinel last write time" date="2025-11-19T04:50:49.681" SemaphoreCount="7" /><!-- duration: 16ms -->
    <step title="LockFile &apos;C:\home\site\locks\deployments.lock&apos; acquired" date="2025-11-19T04:50:49.712" /><!-- duration: 16ms -->
    <step title="Saving request content to C:\local\Temp\zipdeploy\v3k4nwl4.zip" date="2025-11-19T04:50:49.759" >
      <step title="Total 31,031 bytes written to C:\local\Temp\zipdeploy\v3k4nwl4.zip" date="2025-11-19T04:50:49.822" /><!-- duration: 16ms -->
    </step><!-- duration: 109ms -->
    <step title="LockFile &apos;C:\home\site\locks\deployments.lock&apos; released" date="2025-11-19T04:50:49.900" /><!-- duration: 16ms -->
    <step title="Deleting shutdown sentinel file" date="2025-11-19T04:50:49.947" SemaphoreCount="8" /><!-- duration: 31ms -->
    <step title="Starting FetchDeploy" date="2025-11-19T04:50:49.994" /><!-- duration: 47ms -->
    <step title="Start deployment in the background" date="2025-11-19T04:50:50.056" /><!-- duration: 406ms -->
  </step><!-- duration: 1078ms -->
  <step title="Outgoing response" date="2025-11-19T04:50:50.509" type="response" statusCode="202" statusText="Accepted" Server="Microsoft-IIS/10.0" x-ms-request-id="4dd2bdc1-c503-11f0-be20-1c792dfc69dd" Retry-After="30" Cache-Control="private" X-AspNet-Version="4.0.30319" Location="https://fnt42kldozqahcu.scm.azurewebsites.net/api/deployments/latest?deployer=az_cli_functions&amp;time=2025-11-19_04-50-50Z" /><!-- duration: 16ms -->
</step><!-- duration: 1328ms -->
