<step title="BackgroundTrace" date="2025-11-19T04:50:50.087" instance="4d3849" url="/api/zipdeploy" method="POST" >
  <step title="Updating shutdown sentinel last write time" date="2025-11-19T04:50:50.119" SemaphoreCount="7" /><!-- duration: 31ms -->
  <step title="LockFile &apos;C:\home\site\locks\deployments.lock&apos; acquired" date="2025-11-19T04:50:50.165" /><!-- duration: 31ms -->
  <step title="Creating temporary deployment" date="2025-11-19T04:50:50.212" /><!-- duration: 219ms -->
  <step title="Performing fetch based deployment" date="2025-11-19T04:50:50.462" >
    <step title="Fetching changes." date="2025-11-19T04:50:50.697" /><!-- duration: 16ms -->
    <step title="Starting LocalZipHandler" date="2025-11-19T04:50:50.744" /><!-- duration: 31ms -->
    <step title="Cleaning up temp folders from previous zip deployments and extracting pushed zip file C:\local\Temp\zipdeploy\v3k4nwl4.zip (0.03 MB) to C:\local\Temp\zipdeploy\extracted" date="2025-11-19T04:50:50.900" /><!-- duration: 31ms -->
    <step title="Cleaning up temp folders from previous zip deployments and extracting pushed zip file C:\local\Temp\zipdeploy\v3k4nwl4.zip (0.03 MB) to C:\local\Temp\zipdeploy\extracted" date="2025-11-19T04:50:50.947" >
      <step title="Extracting 21 entries to C:\local\Temp\zipdeploy\extracted directory" date="2025-11-19T04:50:50.994" >
        <step title="Extracting to C:\local\Temp\zipdeploy\extracted\dist\app.js ..." date="2025-11-19T04:50:51.025" /><!-- duration: 47ms -->
        <step title="Extracting to C:\local\Temp\zipdeploy\extracted\dist\app.js.map ..." date="2025-11-19T04:50:51.103" /><!-- duration: 31ms -->
        <step title="Extracting to C:\local\Temp\zipdeploy\extracted\dist\index.js ..." date="2025-11-19T04:50:51.150" /><!-- duration: 31ms -->
        <step title="Extracting to C:\local\Temp\zipdeploy\extracted\dist\index.js.map ..." date="2025-11-19T04:50:51.212" /><!-- duration: 16ms -->
        <step title="Extracting to C:\local\Temp\zipdeploy\extracted\dist\functions\ab-test-old.js ..." date="2025-11-19T04:50:51.259" /><!-- duration: 31ms -->
        <step title="Omitting extracting file traces ..." date="2025-11-19T04:50:51.306" /><!-- duration: 31ms -->
        <step title="Extracting to C:\local\Temp\zipdeploy\extracted\dist\functions\upload.js ..." date="2025-11-19T04:50:51.384" /><!-- duration: 16ms -->
        <step title="Extracting to C:\local\Temp\zipdeploy\extracted\dist\functions\upload.js.map ..." date="2025-11-19T04:50:51.431" /><!-- duration: 47ms -->
        <step title="Extracting to C:\local\Temp\zipdeploy\extracted\host.json ..." date="2025-11-19T04:50:51.494" /><!-- duration: 31ms -->
        <step title="Extracting to C:\local\Temp\zipdeploy\extracted\package-lock.json ..." date="2025-11-19T04:50:51.556" /><!-- duration: 31ms -->
        <step title="Extracting to C:\local\Temp\zipdeploy\extracted\package.json ..." date="2025-11-19T04:50:51.603" /><!-- duration: 16ms -->
      </step><!-- duration: 641ms -->
    </step><!-- duration: 719ms -->
    <step title="Before sending BuildRequestReceived status to /api/updatedeploystatus" date="2025-11-19T04:50:51.681" /><!-- duration: 31ms -->
    <step title="DeploymentManager.Deploy(id:33ba2f9ac9e742dc8b5dd643454be07d)" date="2025-11-19T04:50:51.744" >
      <step title="Collecting changeset information" date="2025-11-19T04:50:51.775" /><!-- duration: 156ms -->
      <step title="Updating submodules" date="2025-11-19T04:50:51.962" >
        <step title="Updating submodules." date="2025-11-19T04:50:52.150" /><!-- duration: 31ms -->
      </step><!-- duration: 234ms -->
      <step title="Preparing deployment for commit id &apos;33ba2f9ac9&apos;." date="2025-11-19T04:50:52.400" /><!-- duration: 16ms -->
      <step title="Determining deployment builder" date="2025-11-19T04:50:52.588" >
        <step title="Builder is BasicBuilder" date="2025-11-19T04:50:52.619" /><!-- duration: 31ms -->
      </step><!-- duration: 77ms -->
      <step title="Copying SSH keys" date="2025-11-19T04:50:52.775" /><!-- duration: 47ms -->
      <step title="Building" date="2025-11-19T04:50:52.853" >
        <step title="Generating deployment script." date="2025-11-19T04:50:53.087" /><!-- duration: 16ms -->
        <step title="Generating deployment script" date="2025-11-19T04:50:53.134" >
          <step title="Using cached version of the deployment script for command: -y --no-dot-deployment -r &quot;C:\local\Temp\zipdeploy\extracted&quot; -o &quot;C:\home\site\deployments\tools&quot; --basic --sitePath &quot;C:\local\Temp\zipdeploy\extracted&quot;" date="2025-11-19T04:50:53.212" /><!-- duration: 16ms -->
          <step title="Using cached version of deployment script (command: &apos;azure -y --no-dot-deployment -r &quot;C:\local\Temp\zipdeploy\extracted&quot; -o &quot;C:\home\site\deployments\tools&quot; --basic --sitePath &quot;C:\local\Temp\zipdeploy\extracted&quot;&apos;)." date="2025-11-19T04:50:53.291" /><!-- duration: 31ms -->
        </step><!-- duration: 219ms -->
        <step title="Running deployment command..." date="2025-11-19T04:50:53.556" /><!-- duration: 31ms -->
        <step title="Command: &quot;C:\home\site\deployments\tools\deploy.cmd&quot;" date="2025-11-19T04:50:53.634" /><!-- duration: 16ms -->
        <step title="Executing external process" date="2025-11-19T04:50:53.697" type="process" path="starter.cmd" arguments="&quot;C:\home\site\deployments\tools\deploy.cmd&quot;" >
          <step title="Handling Basic Web Site deployment." date="2025-11-19T04:50:54.728" /><!-- duration: 16ms -->
          <step title="Creating app_offline.htm" date="2025-11-19T04:50:55.134" /><!-- duration: 31ms -->
          <step title="KuduSync.NET from: &apos;C:\local\Temp\zipdeploy\extracted&apos; to: &apos;C:\home\site\wwwroot&apos;" date="2025-11-19T04:50:55.213" /><!-- duration: 16ms -->
          <step title="Copying file: &apos;host.json&apos;" date="2025-11-19T04:50:55.275" /><!-- duration: 16ms -->
          <step title="Copying file: &apos;package-lock.json&apos;" date="2025-11-19T04:50:55.337" /><!-- duration: 31ms -->
          <step title="Copying file: &apos;package.json&apos;" date="2025-11-19T04:50:55.416" /><!-- duration: 31ms -->
          <step title="Copying file: &apos;dist\app.js&apos;" date="2025-11-19T04:50:55.478" /><!-- duration: 47ms -->
          <step title="Copying file: &apos;dist\app.js.map&apos;" date="2025-11-19T04:50:55.572" /><!-- duration: 16ms -->
          <step title="Copying file: &apos;dist\index.js&apos;" date="2025-11-19T04:50:55.634" /><!-- duration: 16ms -->
          <step title="Copying file: &apos;dist\index.js.map&apos;" date="2025-11-19T04:50:55.697" /><!-- duration: 31ms -->
          <step title="Copying file: &apos;dist\functions\ab-test-old.js&apos;" date="2025-11-19T04:50:55.775" /><!-- duration: 16ms -->
          <step title="Copying file: &apos;dist\functions\ab-test-old.js.map&apos;" date="2025-11-19T04:50:55.822" /><!-- duration: 16ms -->
          <step title="Copying file: &apos;dist\functions\ab-test.js&apos;" date="2025-11-19T04:50:55.884" /><!-- duration: 16ms -->
          <step title="Copying file: &apos;dist\functions\ab-test.js.map&apos;" date="2025-11-19T04:50:55.947" /><!-- duration: 16ms -->
          <step title="Copying file: &apos;dist\functions\applications.js&apos;" date="2025-11-19T04:50:56.025" /><!-- duration: 16ms -->
          <step title="Copying file: &apos;dist\functions\applications.js.map&apos;" date="2025-11-19T04:50:56.087" /><!-- duration: 31ms -->
          <step title="Copying file: &apos;dist\functions\health.js&apos;" date="2025-11-19T04:50:56.150" /><!-- duration: 16ms -->
          <step title="Copying file: &apos;dist\functions\health.js.map&apos;" date="2025-11-19T04:50:56.212" /><!-- duration: 16ms -->
          <step title="Copying file: &apos;dist\functions\proxy-ab-test.js&apos;" date="2025-11-19T04:50:56.275" /><!-- duration: 16ms -->
          <step title="Copying file: &apos;dist\functions\proxy-ab-test.js.map&apos;" date="2025-11-19T04:50:56.337" /><!-- duration: 31ms -->
          <step title="Copying file: &apos;dist\functions\track-ab-test.js&apos;" date="2025-11-19T04:50:56.431" /><!-- duration: 16ms -->
          <step title="Copying file: &apos;dist\functions\track-ab-test.js.map&apos;" date="2025-11-19T04:50:56.494" /><!-- duration: 16ms -->
          <step title="Copying file: &apos;dist\functions\upload.js&apos;" date="2025-11-19T04:50:56.556" /><!-- duration: 16ms -->
          <step title="Copying file: &apos;dist\functions\upload.js.map&apos;" date="2025-11-19T04:50:56.603" /><!-- duration: 31ms -->
          <step title="Deleting app_offline.htm" date="2025-11-19T04:50:56.681" /><!-- duration: 16ms -->
          <step title="Finished successfully." date="2025-11-19T04:50:56.744" /><!-- duration: 31ms -->
        </step><!-- duration: 3094ms -->
        <step title="Running post deployment command(s)..." date="2025-11-19T04:50:57.009" /><!-- duration: 16ms -->
        <step title="Triggering recycle (preview mode disabled)." date="2025-11-19T04:50:57.369" /><!-- duration: 31ms -->
        <step title="Ignoring FS watcher based recycle request as this is a classic Windows app." date="2025-11-19T04:50:57.431" /><!-- duration: 16ms -->
        <step title="Deployment successful. DEPLOYMENTINFO: deploymentPath = Functions App ZipDeploy. Extract zip. , deployer = az_cli_functions, os = windows, sku = Dynamic, language = node, siteName = fnt42kldozqahcu, slotName = Production, siteHostName = fnt42kldozqahcu.azurewebsites.net, deploymentStatus = Success" date="2025-11-19T04:50:57.666" /><!-- duration: 31ms -->
        <step title="Purge deployment items" date="2025-11-19T04:50:58.072" >
          <step title="Remove 14081cd94, Success, received at 11/19/2025 12:16:13 AM" date="2025-11-19T04:50:58.322" /><!-- duration: 31ms -->
        </step><!-- duration: 297ms -->
      </step><!-- duration: 5625ms -->
    </step><!-- duration: 6750ms -->
    <step title="Cleaning up temp files" date="2025-11-19T04:50:58.509" /><!-- duration: 16ms -->
    <step title="Begin HttpPost https://fnt42kldozqahcu.scm.azurewebsites.net/operations/settriggers, x-ms-request-id: 4dd2bdc1-c503-11f0-be20-1c792dfc69dd" date="2025-11-19T04:50:58.619" /><!-- duration: 16ms -->
    <step title="End HttpPost, status: OK" date="2025-11-19T04:50:59.150" /><!-- duration: 16ms -->
    <step title="Scheduling background sync triggers after delay" date="2025-11-19T04:50:59.197" /><!-- duration: 31ms -->
  </step><!-- duration: 8859ms -->
  <step title="LockFile &apos;C:\home\site\locks\deployments.lock&apos; released" date="2025-11-19T04:50:59.353" /><!-- duration: 31ms -->
</step><!-- duration: 9344ms -->
