<step title="BackgroundTrace" date="2025-11-19T12:37:28.134" instance="aa70e5" url="/api/zipdeploy" method="POST" >
  <step title="Updating shutdown sentinel last write time" date="2025-11-19T12:37:28.180" SemaphoreCount="7" /><!-- duration: 16ms -->
  <step title="LockFile &apos;C:\home\site\locks\deployments.lock&apos; acquired" date="2025-11-19T12:37:28.212" /><!-- duration: 31ms -->
  <step title="Creating temporary deployment" date="2025-11-19T12:37:28.258" /><!-- duration: 172ms -->
  <step title="Performing fetch based deployment" date="2025-11-19T12:37:28.462" >
    <step title="Fetching changes." date="2025-11-19T12:37:28.649" /><!-- duration: 31ms -->
    <step title="Starting LocalZipHandler" date="2025-11-19T12:37:28.696" /><!-- duration: 31ms -->
    <step title="Cleaning up temp folders from previous zip deployments and extracting pushed zip file C:\local\Temp\zipdeploy\fp3ihca1.zip (0.03 MB) to C:\local\Temp\zipdeploy\extracted" date="2025-11-19T12:37:28.821" /><!-- duration: 31ms -->
    <step title="Cleaning up temp folders from previous zip deployments and extracting pushed zip file C:\local\Temp\zipdeploy\fp3ihca1.zip (0.03 MB) to C:\local\Temp\zipdeploy\extracted" date="2025-11-19T12:37:28.868" >
      <step title="Extracting 21 entries to C:\local\Temp\zipdeploy\extracted directory" date="2025-11-19T12:37:29.212" >
        <step title="Extracting to C:\local\Temp\zipdeploy\extracted\functions\ab-test-old.js ..." date="2025-11-19T12:37:29.243" /><!-- duration: 47ms -->
        <step title="Extracting to C:\local\Temp\zipdeploy\extracted\functions\ab-test-old.js.map ..." date="2025-11-19T12:37:29.305" /><!-- duration: 31ms -->
        <step title="Extracting to C:\local\Temp\zipdeploy\extracted\functions\ab-test.js ..." date="2025-11-19T12:37:29.352" /><!-- duration: 31ms -->
        <step title="Extracting to C:\local\Temp\zipdeploy\extracted\functions\ab-test.js.map ..." date="2025-11-19T12:37:29.415" /><!-- duration: 31ms -->
        <step title="Extracting to C:\local\Temp\zipdeploy\extracted\functions\applications.js ..." date="2025-11-19T12:37:29.462" /><!-- duration: 31ms -->
        <step title="Omitting extracting file traces ..." date="2025-11-19T12:37:29.508" /><!-- duration: 31ms -->
        <step title="Extracting to C:\local\Temp\zipdeploy\extracted\index.js ..." date="2025-11-19T12:37:29.555" /><!-- duration: 63ms -->
        <step title="Extracting to C:\local\Temp\zipdeploy\extracted\index.js.map ..." date="2025-11-19T12:37:29.633" /><!-- duration: 31ms -->
        <step title="Extracting to C:\local\Temp\zipdeploy\extracted\host.json ..." date="2025-11-19T12:37:29.680" /><!-- duration: 16ms -->
        <step title="Extracting to C:\local\Temp\zipdeploy\extracted\package.json ..." date="2025-11-19T12:37:29.712" /><!-- duration: 31ms -->
        <step title="Extracting to C:\local\Temp\zipdeploy\extracted\package-lock.json ..." date="2025-11-19T12:37:29.758" /><!-- duration: 16ms -->
      </step><!-- duration: 578ms -->
    </step><!-- duration: 938ms -->
    <step title="Before sending BuildRequestReceived status to /api/updatedeploystatus" date="2025-11-19T12:37:29.837" /><!-- duration: 16ms -->
    <step title="DeploymentManager.Deploy(id:4f863cc637204dcda494f0847cba7abb)" date="2025-11-19T12:37:29.883" >
      <step title="Collecting changeset information" date="2025-11-19T12:37:29.915" /><!-- duration: 172ms -->
      <step title="Updating submodules" date="2025-11-19T12:37:30.102" >
        <step title="Updating submodules." date="2025-11-19T12:37:30.274" /><!-- duration: 16ms -->
      </step><!-- duration: 203ms -->
      <step title="Preparing deployment for commit id &apos;4f863cc637&apos;." date="2025-11-19T12:37:30.477" /><!-- duration: 16ms -->
      <step title="Determining deployment builder" date="2025-11-19T12:37:30.633" >
        <step title="Builder is BasicBuilder" date="2025-11-19T12:37:30.649" /><!-- duration: 31ms -->
      </step><!-- duration: 62ms -->
      <step title="Copying SSH keys" date="2025-11-19T12:37:30.774" /><!-- duration: 31ms -->
      <step title="Building" date="2025-11-19T12:37:30.837" >
        <step title="Generating deployment script." date="2025-11-19T12:37:31.024" /><!-- duration: 31ms -->
        <step title="Generating deployment script" date="2025-11-19T12:37:31.087" >
          <step title="Using cached version of the deployment script for command: -y --no-dot-deployment -r &quot;C:\local\Temp\zipdeploy\extracted&quot; -o &quot;C:\home\site\deployments\tools&quot; --basic --sitePath &quot;C:\local\Temp\zipdeploy\extracted&quot;" date="2025-11-19T12:37:31.227" /><!-- duration: 31ms -->
          <step title="Using cached version of deployment script (command: &apos;azure -y --no-dot-deployment -r &quot;C:\local\Temp\zipdeploy\extracted&quot; -o &quot;C:\home\site\deployments\tools&quot; --basic --sitePath &quot;C:\local\Temp\zipdeploy\extracted&quot;&apos;)." date="2025-11-19T12:37:31.305" /><!-- duration: 16ms -->
        </step><!-- duration: 266ms -->
        <step title="Running deployment command..." date="2025-11-19T12:37:31.540" /><!-- duration: 16ms -->
        <step title="Command: &quot;C:\home\site\deployments\tools\deploy.cmd&quot;" date="2025-11-19T12:37:31.602" /><!-- duration: 16ms -->
        <step title="Executing external process" date="2025-11-19T12:37:31.665" type="process" path="starter.cmd" arguments="&quot;C:\home\site\deployments\tools\deploy.cmd&quot;" >
          <step title="Handling Basic Web Site deployment." date="2025-11-19T12:37:32.690" /><!-- duration: 16ms -->
          <step title="Creating app_offline.htm" date="2025-11-19T12:37:33.112" /><!-- duration: 31ms -->
          <step title="KuduSync.NET from: &apos;C:\local\Temp\zipdeploy\extracted&apos; to: &apos;C:\home\site\wwwroot&apos;" date="2025-11-19T12:37:33.174" /><!-- duration: 31ms -->
          <step title="Copying file: &apos;app.js&apos;" date="2025-11-19T12:37:33.252" /><!-- duration: 16ms -->
          <step title="Copying file: &apos;app.js.map&apos;" date="2025-11-19T12:37:33.315" /><!-- duration: 16ms -->
          <step title="Copying file: &apos;host.json&apos;" date="2025-11-19T12:37:33.377" /><!-- duration: 16ms -->
          <step title="Copying file: &apos;index.js&apos;" date="2025-11-19T12:37:33.440" /><!-- duration: 16ms -->
          <step title="Copying file: &apos;index.js.map&apos;" date="2025-11-19T12:37:33.502" /><!-- duration: 16ms -->
          <step title="Copying file: &apos;package-lock.json&apos;" date="2025-11-19T12:37:33.565" /><!-- duration: 16ms -->
          <step title="Copying file: &apos;package.json&apos;" date="2025-11-19T12:37:33.627" /><!-- duration: 16ms -->
          <step title="Copying file: &apos;functions\ab-test-old.js&apos;" date="2025-11-19T12:37:33.690" /><!-- duration: 16ms -->
          <step title="Copying file: &apos;functions\ab-test-old.js.map&apos;" date="2025-11-19T12:37:33.752" /><!-- duration: 31ms -->
          <step title="Copying file: &apos;functions\ab-test.js&apos;" date="2025-11-19T12:37:33.815" /><!-- duration: 16ms -->
          <step title="Copying file: &apos;functions\ab-test.js.map&apos;" date="2025-11-19T12:37:33.862" /><!-- duration: 31ms -->
          <step title="Copying file: &apos;functions\applications.js&apos;" date="2025-11-19T12:37:33.924" /><!-- duration: 16ms -->
          <step title="Copying file: &apos;functions\applications.js.map&apos;" date="2025-11-19T12:37:34.002" /><!-- duration: 31ms -->
          <step title="Copying file: &apos;functions\health.js&apos;" date="2025-11-19T12:37:34.065" /><!-- duration: 16ms -->
          <step title="Copying file: &apos;functions\health.js.map&apos;" date="2025-11-19T12:37:34.143" /><!-- duration: 16ms -->
          <step title="Copying file: &apos;functions\proxy-ab-test.js&apos;" date="2025-11-19T12:37:34.205" /><!-- duration: 16ms -->
          <step title="Copying file: &apos;functions\proxy-ab-test.js.map&apos;" date="2025-11-19T12:37:34.252" /><!-- duration: 47ms -->
          <step title="Copying file: &apos;functions\track-ab-test.js&apos;" date="2025-11-19T12:37:34.362" /><!-- duration: 16ms -->
          <step title="Copying file: &apos;functions\track-ab-test.js.map&apos;" date="2025-11-19T12:37:34.424" /><!-- duration: 16ms -->
          <step title="Copying file: &apos;functions\upload.js&apos;" date="2025-11-19T12:37:34.487" /><!-- duration: 16ms -->
          <step title="Copying file: &apos;functions\upload.js.map&apos;" date="2025-11-19T12:37:34.534" /><!-- duration: 31ms -->
          <step title="Deleting app_offline.htm" date="2025-11-19T12:37:34.596" /><!-- duration: 16ms -->
          <step title="Finished successfully." date="2025-11-19T12:37:34.659" /><!-- duration: 16ms -->
        </step><!-- duration: 3041ms -->
        <step title="Running post deployment command(s)..." date="2025-11-19T12:37:34.846" /><!-- duration: 16ms -->
        <step title="Triggering recycle (preview mode disabled)." date="2025-11-19T12:37:35.065" /><!-- duration: 31ms -->
        <step title="Ignoring FS watcher based recycle request as this is a classic Windows app." date="2025-11-19T12:37:35.112" /><!-- duration: 31ms -->
        <step title="Deployment successful. DEPLOYMENTINFO: deploymentPath = Functions App ZipDeploy. Extract zip. , deployer = az_cli_functions, os = windows, sku = Dynamic, language = node, siteName = fnt42kldozqahcu, slotName = Production, siteHostName = fnt42kldozqahcu.azurewebsites.net, deploymentStatus = Success" date="2025-11-19T12:37:35.612" /><!-- duration: 31ms -->
        <step title="Purge deployment items" date="2025-11-19T12:37:35.971" >
          <step title="Remove 9be0ca8b5, Success, received at 11/19/2025 3:07:53 AM" date="2025-11-19T12:37:36.190" /><!-- duration: 16ms -->
        </step><!-- duration: 250ms -->
      </step><!-- duration: 5463ms -->
    </step><!-- duration: 6447ms -->
    <step title="Cleaning up temp files" date="2025-11-19T12:37:36.346" /><!-- duration: 16ms -->
    <step title="Begin HttpPost https://fnt42kldozqahcu.scm.azurewebsites.net/operations/settriggers, x-ms-request-id: 7aa02bc9-c544-11f0-a71c-1c792dfc69dd" date="2025-11-19T12:37:36.440" /><!-- duration: 16ms -->
    <step title="End HttpPost, status: OK" date="2025-11-19T12:37:36.955" /><!-- duration: 16ms -->
    <step title="Scheduling background sync triggers after delay" date="2025-11-19T12:37:36.987" /><!-- duration: 16ms -->
  </step><!-- duration: 8634ms -->
  <step title="LockFile &apos;C:\home\site\locks\deployments.lock&apos; released" date="2025-11-19T12:37:37.127" /><!-- duration: 16ms -->
</step><!-- duration: 9056ms -->
