<step title="BackgroundTrace" date="2025-11-19T04:54:42.723" instance="4d3849" url="/api/zipdeploy" method="POST" >
  <step title="Updating shutdown sentinel last write time" date="2025-11-19T04:54:42.770" SemaphoreCount="7" /><!-- duration: 31ms -->
  <step title="LockFile &apos;C:\home\site\locks\deployments.lock&apos; acquired" date="2025-11-19T04:54:42.816" /><!-- duration: 31ms -->
  <step title="Creating temporary deployment" date="2025-11-19T04:54:42.863" /><!-- duration: 125ms -->
  <step title="Performing fetch based deployment" date="2025-11-19T04:54:43.020" >
    <step title="Fetching changes." date="2025-11-19T04:54:43.191" /><!-- duration: 16ms -->
    <step title="Starting LocalZipHandler" date="2025-11-19T04:54:43.238" /><!-- duration: 16ms -->
    <step title="Cleaning up temp folders from previous zip deployments and extracting pushed zip file C:\local\Temp\zipdeploy\1sajsr3r.zip (0.03 MB) to C:\local\Temp\zipdeploy\extracted" date="2025-11-19T04:54:43.379" /><!-- duration: 31ms -->
    <step title="Cleaning up temp folders from previous zip deployments and extracting pushed zip file C:\local\Temp\zipdeploy\1sajsr3r.zip (0.03 MB) to C:\local\Temp\zipdeploy\extracted" date="2025-11-19T04:54:43.426" >
      <step title="Renaming extractTargetDirectory(C:\local\Temp\zipdeploy\extracted) to tempDirectory(C:\local\Temp\zipdeploy\otqot00c.m5a)" date="2025-11-19T04:54:43.441" /><!-- duration: 31ms -->
      <step title="Extracting 21 entries to C:\local\Temp\zipdeploy\extracted directory" date="2025-11-19T04:54:43.488" >
        <step title="Extracting to C:\local\Temp\zipdeploy\extracted\functions\ab-test-old.js ..." date="2025-11-19T04:54:43.504" /><!-- duration: 31ms -->
        <step title="Extracting to C:\local\Temp\zipdeploy\extracted\functions\ab-test-old.js.map ..." date="2025-11-19T04:54:43.551" /><!-- duration: 16ms -->
        <step title="Extracting to C:\local\Temp\zipdeploy\extracted\functions\ab-test.js ..." date="2025-11-19T04:54:43.598" /><!-- duration: 16ms -->
        <step title="Extracting to C:\local\Temp\zipdeploy\extracted\functions\ab-test.js.map ..." date="2025-11-19T04:54:43.629" /><!-- duration: 31ms -->
        <step title="Extracting to C:\local\Temp\zipdeploy\extracted\functions\applications.js ..." date="2025-11-19T04:54:43.676" /><!-- duration: 31ms -->
        <step title="Omitting extracting file traces ..." date="2025-11-19T04:54:43.738" /><!-- duration: 16ms -->
        <step title="Extracting to C:\local\Temp\zipdeploy\extracted\host.json ..." date="2025-11-19T04:54:43.785" /><!-- duration: 16ms -->
        <step title="Extracting to C:\local\Temp\zipdeploy\extracted\index.js ..." date="2025-11-19T04:54:43.832" /><!-- duration: 16ms -->
        <step title="Extracting to C:\local\Temp\zipdeploy\extracted\index.js.map ..." date="2025-11-19T04:54:43.863" /><!-- duration: 31ms -->
        <step title="Extracting to C:\local\Temp\zipdeploy\extracted\package-lock.json ..." date="2025-11-19T04:54:43.910" /><!-- duration: 16ms -->
        <step title="Extracting to C:\local\Temp\zipdeploy\extracted\package.json ..." date="2025-11-19T04:54:43.957" /><!-- duration: 16ms -->
      </step><!-- duration: 516ms -->
    </step><!-- duration: 594ms -->
    <step title="Before sending BuildRequestReceived status to /api/updatedeploystatus" date="2025-11-19T04:54:44.051" /><!-- duration: 16ms -->
    <step title="DeploymentManager.Deploy(id:f1ea1cb58b66448eb3a4b3452c0b6758)" date="2025-11-19T04:54:44.098" >
      <step title="Collecting changeset information" date="2025-11-19T04:54:44.145" /><!-- duration: 141ms -->
      <step title="Updating submodules" date="2025-11-19T04:54:44.316" >
        <step title="Updating submodules." date="2025-11-19T04:54:44.504" /><!-- duration: 16ms -->
      </step><!-- duration: 234ms -->
      <step title="Preparing deployment for commit id &apos;f1ea1cb58b&apos;." date="2025-11-19T04:54:44.738" /><!-- duration: 31ms -->
      <step title="Determining deployment builder" date="2025-11-19T04:54:44.926" >
        <step title="Builder is BasicBuilder" date="2025-11-19T04:54:44.941" /><!-- duration: 16ms -->
      </step><!-- duration: 63ms -->
      <step title="Copying SSH keys" date="2025-11-19T04:54:45.082" /><!-- duration: 31ms -->
      <step title="Building" date="2025-11-19T04:54:45.145" >
        <step title="Generating deployment script." date="2025-11-19T04:54:45.316" /><!-- duration: 16ms -->
        <step title="Generating deployment script" date="2025-11-19T04:54:45.348" >
          <step title="Using cached version of the deployment script for command: -y --no-dot-deployment -r &quot;C:\local\Temp\zipdeploy\extracted&quot; -o &quot;C:\home\site\deployments\tools&quot; --basic --sitePath &quot;C:\local\Temp\zipdeploy\extracted&quot;" date="2025-11-19T04:54:45.426" /><!-- duration: 16ms -->
          <step title="Using cached version of deployment script (command: &apos;azure -y --no-dot-deployment -r &quot;C:\local\Temp\zipdeploy\extracted&quot; -o &quot;C:\home\site\deployments\tools&quot; --basic --sitePath &quot;C:\local\Temp\zipdeploy\extracted&quot;&apos;)." date="2025-11-19T04:54:45.488" /><!-- duration: 16ms -->
        </step><!-- duration: 187ms -->
        <step title="Running deployment command..." date="2025-11-19T04:54:45.707" /><!-- duration: 31ms -->
        <step title="Command: &quot;C:\home\site\deployments\tools\deploy.cmd&quot;" date="2025-11-19T04:54:45.770" /><!-- duration: 31ms -->
        <step title="Executing external process" date="2025-11-19T04:54:45.832" type="process" path="starter.cmd" arguments="&quot;C:\home\site\deployments\tools\deploy.cmd&quot;" >
          <step title="Handling Basic Web Site deployment." date="2025-11-19T04:54:46.035" /><!-- duration: 47ms -->
          <step title="Creating app_offline.htm" date="2025-11-19T04:54:46.691" /><!-- duration: 16ms -->
          <step title="KuduSync.NET from: &apos;C:\local\Temp\zipdeploy\extracted&apos; to: &apos;C:\home\site\wwwroot&apos;" date="2025-11-19T04:54:46.754" /><!-- duration: 16ms -->
          <step title="Deleting file: &apos;dist\app.js&apos;" date="2025-11-19T04:54:46.816" /><!-- duration: 16ms -->
          <step title="Deleting file: &apos;dist\app.js.map&apos;" date="2025-11-19T04:54:46.879" /><!-- duration: 16ms -->
          <step title="Deleting file: &apos;dist\index.js&apos;" date="2025-11-19T04:54:46.941" /><!-- duration: 16ms -->
          <step title="Deleting file: &apos;dist\index.js.map&apos;" date="2025-11-19T04:54:47.004" /><!-- duration: 16ms -->
          <step title="Deleting file: &apos;dist\functions\ab-test-old.js&apos;" date="2025-11-19T04:54:47.066" /><!-- duration: 16ms -->
          <step title="Deleting file: &apos;dist\functions\ab-test-old.js.map&apos;" date="2025-11-19T04:54:47.129" /><!-- duration: 16ms -->
          <step title="Deleting file: &apos;dist\functions\ab-test.js&apos;" date="2025-11-19T04:54:47.191" /><!-- duration: 16ms -->
          <step title="Deleting file: &apos;dist\functions\ab-test.js.map&apos;" date="2025-11-19T04:54:47.254" /><!-- duration: 16ms -->
          <step title="Deleting file: &apos;dist\functions\applications.js&apos;" date="2025-11-19T04:54:47.316" /><!-- duration: 16ms -->
          <step title="Deleting file: &apos;dist\functions\applications.js.map&apos;" date="2025-11-19T04:54:47.379" /><!-- duration: 16ms -->
          <step title="Deleting file: &apos;dist\functions\health.js&apos;" date="2025-11-19T04:54:47.457" /><!-- duration: 16ms -->
          <step title="Deleting file: &apos;dist\functions\health.js.map&apos;" date="2025-11-19T04:54:47.520" /><!-- duration: 16ms -->
          <step title="Deleting file: &apos;dist\functions\proxy-ab-test.js&apos;" date="2025-11-19T04:54:47.582" /><!-- duration: 31ms -->
          <step title="Deleting file: &apos;dist\functions\proxy-ab-test.js.map&apos;" date="2025-11-19T04:54:47.645" /><!-- duration: 31ms -->
          <step title="Deleting file: &apos;dist\functions\track-ab-test.js&apos;" date="2025-11-19T04:54:47.723" /><!-- duration: 16ms -->
          <step title="Deleting file: &apos;dist\functions\track-ab-test.js.map&apos;" date="2025-11-19T04:54:47.785" /><!-- duration: 16ms -->
          <step title="Deleting file: &apos;dist\functions\upload.js&apos;" date="2025-11-19T04:54:47.848" /><!-- duration: 16ms -->
          <step title="Deleting file: &apos;dist\functions\upload.js.map&apos;" date="2025-11-19T04:54:47.910" /><!-- duration: 31ms -->
          <step title="Deleting directory: &apos;dist\functions&apos;" date="2025-11-19T04:54:47.988" /><!-- duration: 31ms -->
          <step title="Deleting directory: &apos;dist&apos;" date="2025-11-19T04:54:48.051" /><!-- duration: 31ms -->
          <step title="Copying file: &apos;app.js&apos;" date="2025-11-19T04:54:48.113" /><!-- duration: 31ms -->
          <step title="Copying file: &apos;app.js.map&apos;" date="2025-11-19T04:54:48.191" /><!-- duration: 16ms -->
          <step title="Copying file: &apos;index.js&apos;" date="2025-11-19T04:54:48.254" /><!-- duration: 16ms -->
          <step title="Copying file: &apos;index.js.map&apos;" date="2025-11-19T04:54:48.316" /><!-- duration: 16ms -->
          <step title="Copying file: &apos;package.json&apos;" date="2025-11-19T04:54:48.379" /><!-- duration: 31ms -->
          <step title="Copying file: &apos;functions\ab-test-old.js&apos;" date="2025-11-19T04:54:48.441" /><!-- duration: 31ms -->
          <step title="Copying file: &apos;functions\ab-test-old.js.map&apos;" date="2025-11-19T04:54:48.582" /><!-- duration: 16ms -->
          <step title="Copying file: &apos;functions\ab-test.js&apos;" date="2025-11-19T04:54:48.645" /><!-- duration: 31ms -->
          <step title="Copying file: &apos;functions\ab-test.js.map&apos;" date="2025-11-19T04:54:48.723" /><!-- duration: 16ms -->
          <step title="Copying file: &apos;functions\applications.js&apos;" date="2025-11-19T04:54:48.785" /><!-- duration: 16ms -->
          <step title="Copying file: &apos;functions\applications.js.map&apos;" date="2025-11-19T04:54:48.848" /><!-- duration: 48ms -->
          <step title="Copying file: &apos;functions\health.js&apos;" date="2025-11-19T04:54:48.927" /><!-- duration: 31ms -->
          <step title="Copying file: &apos;functions\health.js.map&apos;" date="2025-11-19T04:54:48.989" /><!-- duration: 16ms -->
          <step title="Copying file: &apos;functions\proxy-ab-test.js&apos;" date="2025-11-19T04:54:49.052" /><!-- duration: 16ms -->
          <step title="Copying file: &apos;functions\proxy-ab-test.js.map&apos;" date="2025-11-19T04:54:49.114" /><!-- duration: 31ms -->
          <step title="Copying file: &apos;functions\track-ab-test.js&apos;" date="2025-11-19T04:54:49.177" /><!-- duration: 31ms -->
          <step title="Copying file: &apos;functions\track-ab-test.js.map&apos;" date="2025-11-19T04:54:49.239" /><!-- duration: 31ms -->
          <step title="Copying file: &apos;functions\upload.js&apos;" date="2025-11-19T04:54:49.317" /><!-- duration: 16ms -->
          <step title="Copying file: &apos;functions\upload.js.map&apos;" date="2025-11-19T04:54:49.380" /><!-- duration: 31ms -->
          <step title="Deleting app_offline.htm" date="2025-11-19T04:54:49.458" /><!-- duration: 16ms -->
          <step title="Finished successfully." date="2025-11-19T04:54:49.520" /><!-- duration: 31ms -->
        </step><!-- duration: 3735ms -->
        <step title="Running post deployment command(s)..." date="2025-11-19T04:54:49.739" /><!-- duration: 31ms -->
        <step title="Triggering recycle (preview mode disabled)." date="2025-11-19T04:54:49.958" /><!-- duration: 31ms -->
        <step title="Ignoring FS watcher based recycle request as this is a classic Windows app." date="2025-11-19T04:54:50.005" /><!-- duration: 16ms -->
        <step title="Deployment successful. DEPLOYMENTINFO: deploymentPath = Functions App ZipDeploy. Extract zip. , deployer = az_cli_functions, os = windows, sku = Dynamic, language = node, siteName = fnt42kldozqahcu, slotName = Production, siteHostName = fnt42kldozqahcu.azurewebsites.net, deploymentStatus = Success" date="2025-11-19T04:54:50.208" /><!-- duration: 31ms -->
        <step title="Purge deployment items" date="2025-11-19T04:54:50.520" >
          <step title="Remove f5d76af05, Success, received at 11/19/2025 2:33:59 AM" date="2025-11-19T04:54:50.755" /><!-- duration: 16ms -->
        </step><!-- duration: 266ms -->
      </step><!-- duration: 5735ms -->
    </step><!-- duration: 6798ms -->
    <step title="Cleaning up temp files" date="2025-11-19T04:54:50.911" /><!-- duration: 31ms -->
    <step title="Begin HttpPost https://fnt42kldozqahcu.scm.azurewebsites.net/operations/settriggers, x-ms-request-id: d74043bf-c503-11f0-bcfc-1c792dfc69dd" date="2025-11-19T04:54:50.989" /><!-- duration: 16ms -->
    <step title="End HttpPost, status: OK" date="2025-11-19T04:54:51.083" /><!-- duration: 16ms -->
    <step title="Scheduling background sync triggers after delay" date="2025-11-19T04:54:51.130" /><!-- duration: 16ms -->
  </step><!-- duration: 8188ms -->
  <step title="LockFile &apos;C:\home\site\locks\deployments.lock&apos; released" date="2025-11-19T04:54:51.239" /><!-- duration: 16ms -->
</step><!-- duration: 8579ms -->
