<step title="BackgroundTrace" date="2025-11-19T03:07:53.113" instance="4da4ce" url="/api/zipdeploy" method="POST" >
  <step title="Updating shutdown sentinel last write time" date="2025-11-19T03:07:53.159" SemaphoreCount="7" /><!-- duration: 16ms -->
  <step title="LockFile &apos;C:\home\site\locks\deployments.lock&apos; acquired" date="2025-11-19T03:07:53.191" /><!-- duration: 31ms -->
  <step title="Creating temporary deployment" date="2025-11-19T03:07:53.253" /><!-- duration: 141ms -->
  <step title="Performing fetch based deployment" date="2025-11-19T03:07:53.425" >
    <step title="Fetching changes." date="2025-11-19T03:07:53.644" /><!-- duration: 16ms -->
    <step title="Starting LocalZipHandler" date="2025-11-19T03:07:53.691" /><!-- duration: 16ms -->
    <step title="Starting ExtractTriggers" date="2025-11-19T03:07:53.738" /><!-- duration: 16ms -->
    <step title="Before sending BuildRequestReceived status to /api/updatedeploystatus" date="2025-11-19T03:07:53.847" /><!-- duration: 16ms -->
    <step title="DeploymentManager.Deploy(id:9be0ca8b5123421080bdaf78fb7d78d3)" date="2025-11-19T03:07:53.878" >
      <step title="Collecting changeset information" date="2025-11-19T03:07:53.925" /><!-- duration: 156ms -->
      <step title="Updating submodules" date="2025-11-19T03:07:54.097" >
        <step title="Updating submodules." date="2025-11-19T03:07:54.566" /><!-- duration: 16ms -->
      </step><!-- duration: 516ms -->
      <step title="Preparing deployment for commit id &apos;9be0ca8b51&apos;." date="2025-11-19T03:07:54.800" /><!-- duration: 16ms -->
      <step title="Determining deployment builder" date="2025-11-19T03:07:55.009" >
        <step title="Builder is RunFromZipSiteBuilder" date="2025-11-19T03:07:55.051" /><!-- duration: 16ms -->
      </step><!-- duration: 89ms -->
      <step title="Copying SSH keys" date="2025-11-19T03:07:55.160" /><!-- duration: 31ms -->
      <step title="Building" date="2025-11-19T03:07:55.207" >
        <step title="Skipping build. Project type: Run-From-Zip" date="2025-11-19T03:07:55.394" /><!-- duration: 16ms -->
        <step title="Skipping post build. Project type: Run-From-Zip" date="2025-11-19T03:07:55.597" /><!-- duration: 16ms -->
        <step title="Triggering recycle (preview mode disabled)." date="2025-11-19T03:07:55.801" /><!-- duration: 16ms -->
        <step title="Ignoring FS watcher based recycle request as this is a classic Windows app." date="2025-11-19T03:07:55.847" /><!-- duration: 16ms -->
        <step title="Deployment successful. DEPLOYMENTINFO: deploymentPath = Functions App ZipDeploy. Run from package., deployer = GITHUB_ZIP_DEPLOY_FUNCTIONS_V1, os = windows, sku = Dynamic, language = node, siteName = fnt42kldozqahcu, slotName = Production, siteHostName = fnt42kldozqahcu.azurewebsites.net, deploymentStatus = Success" date="2025-11-19T03:07:56.035" /><!-- duration: 31ms -->
        <step title="Purge deployment items" date="2025-11-19T03:07:56.410" >
          <step title="Remove a8c50f126, Success, received at 10/29/2025 10:15:49 PM" date="2025-11-19T03:07:56.660" /><!-- duration: 16ms -->
        </step><!-- duration: 281ms -->
      </step><!-- duration: 1578ms -->
    </step><!-- duration: 2938ms -->
    <step title="Cleaning up temp files" date="2025-11-19T03:07:56.832" /><!-- duration: 16ms -->
    <step title="Updating C:\home\data\SitePackages\packagename.txt with deployment 20251119030752.zip" date="2025-11-19T03:07:56.879" /><!-- duration: 62ms -->
    <step title="Begin HttpPost https://fnt42kldozqahcu.scm.azurewebsites.net/operations/settriggers, x-ms-request-id: e21efe9a-4aec-4b25-a061-7c34624ea562" date="2025-11-19T03:07:57.035" /><!-- duration: 31ms -->
    <step title="End HttpPost, status: OK" date="2025-11-19T03:07:57.457" /><!-- duration: 16ms -->
    <step title="Scheduling background sync triggers after delay" date="2025-11-19T03:07:57.504" /><!-- duration: 16ms -->
  </step><!-- duration: 4313ms -->
  <step title="LockFile &apos;C:\home\site\locks\deployments.lock&apos; released" date="2025-11-19T03:07:57.754" /><!-- duration: 31ms -->
</step><!-- duration: 4719ms -->
