<step title="Incoming Request" date="2025-11-19T12:43:55.638" instance="aa70e5" url="/api/zipdeploy?isAsync=true&amp;Deployer=az_cli_functions" method="POST" type="request" pid="7980,2,10" Cache-Control="no-cache" Content-Length="30855" Content-Type="application/octet-stream" Accept="*/*" Accept-Encoding="gzip, deflate" Authorization="Bas..." Host="fnt42kldozqahcu.scm.azurewebsites.net" User-Agent="AZURECLI/2.54.0 (MSI)" x-ms-client-request-id="6594047e-c545-11f0-9450-1c792dfc69dd" X-ARR-LOG-ID="6594047e-c545-11f0-9450-1c792dfc69dd" CLIENT-IP="159.196.168.42:14067" X-SITE-DEPLOYMENT-ID="fnt42kldozqahcu" WAS-DEFAULT-HOSTNAME="fnt42kldozqahcu.scm.azurewebsites.net" X-Forwarded-Proto="https" X-AppService-Proto="https" X-Forwarded-TlsVersion="1.3" X-WAWS-Unencoded-URL="/api/zipdeploy?isAsync=true&amp;Deployer=az_cli_functions" >
  <step title="Cleanup Xml Logs" date="2025-11-19T12:43:55.655" /><!-- duration: 45ms -->
  <step title="ZipPushDeploy" date="2025-11-19T12:43:55.747" >
    <step title="Functions App ZipDeploy. Extract zip. " date="2025-11-19T12:43:55.859" /><!-- duration: 31ms -->
    <step title="Starting PushDeployAsync" date="2025-11-19T12:43:55.906" /><!-- duration: 16ms -->
    <step title="Updating shutdown sentinel last write time" date="2025-11-19T12:43:55.984" SemaphoreCount="7" /><!-- duration: 16ms -->
    <step title="LockFile &apos;C:\home\site\locks\deployments.lock&apos; acquired" date="2025-11-19T12:43:56.031" /><!-- duration: 34ms -->
    <step title="Saving request content to C:\local\Temp\zipdeploy\m4ghbpxl.zip" date="2025-11-19T12:43:56.093" >
      <step title="Total 30,855 bytes written to C:\local\Temp\zipdeploy\m4ghbpxl.zip" date="2025-11-19T12:43:56.109" /><!-- duration: 16ms -->
    </step><!-- duration: 63ms -->
    <step title="LockFile &apos;C:\home\site\locks\deployments.lock&apos; released" date="2025-11-19T12:43:56.187" /><!-- duration: 16ms -->
    <step title="Deleting shutdown sentinel file" date="2025-11-19T12:43:56.250" SemaphoreCount="8" /><!-- duration: 31ms -->
    <step title="Starting FetchDeploy" date="2025-11-19T12:43:56.297" /><!-- duration: 31ms -->
    <step title="Start deployment in the background" date="2025-11-19T12:43:56.343" /><!-- duration: 297ms -->
  </step><!-- duration: 924ms -->
  <step title="Outgoing response" date="2025-11-19T12:43:56.687" type="response" statusCode="202" statusText="Accepted" Server="Microsoft-IIS/10.0" x-ms-request-id="6594047e-c545-11f0-9450-1c792dfc69dd" Retry-After="30" Cache-Control="private" X-AspNet-Version="4.0.30319" Location="https://fnt42kldozqahcu.scm.azurewebsites.net/api/deployments/latest?deployer=az_cli_functions&amp;time=2025-11-19_12-43-56Z" /><!-- duration: 16ms -->
</step><!-- duration: 1080ms -->
