<step title="BackgroundTrace" date="2025-11-19T12:41:14.844" instance="aa70e5" url="/api/zipdeploy" method="POST" >
  <step title="Updating shutdown sentinel last write time" date="2025-11-19T12:41:14.875" SemaphoreCount="7" /><!-- duration: 16ms -->
  <step title="LockFile &apos;C:\home\site\locks\deployments.lock&apos; acquired" date="2025-11-19T12:41:14.922" /><!-- duration: 16ms -->
  <step title="Creating temporary deployment" date="2025-11-19T12:41:14.969" /><!-- duration: 125ms -->
  <step title="Performing fetch based deployment" date="2025-11-19T12:41:15.109" >
    <step title="Fetching changes." date="2025-11-19T12:41:15.281" /><!-- duration: 16ms -->
    <step title="Starting LocalZipHandler" date="2025-11-19T12:41:15.313" /><!-- duration: 16ms -->
    <step title="Cleaning up temp folders from previous zip deployments and extracting pushed zip file C:\local\Temp\zipdeploy\kt0ct01p.zip (0.03 MB) to C:\local\Temp\zipdeploy\extracted" date="2025-11-19T12:41:15.453" /><!-- duration: 31ms -->
    <step title="Cleaning up temp folders from previous zip deployments and extracting pushed zip file C:\local\Temp\zipdeploy\kt0ct01p.zip (0.03 MB) to C:\local\Temp\zipdeploy\extracted" date="2025-11-19T12:41:15.500" >
      <step title="Renaming extractTargetDirectory(C:\local\Temp\zipdeploy\extracted) to tempDirectory(C:\local\Temp\zipdeploy\c00jwo0s.nk4)" date="2025-11-19T12:41:15.531" /><!-- duration: 16ms -->
      <step title="Extracting 21 entries to C:\local\Temp\zipdeploy\extracted directory" date="2025-11-19T12:41:15.563" >
        <step title="Extracting to C:\local\Temp\zipdeploy\extracted\functions\ab-test-old.js ..." date="2025-11-19T12:41:15.578" /><!-- duration: 31ms -->
        <step title="Extracting to C:\local\Temp\zipdeploy\extracted\functions\ab-test-old.js.map ..." date="2025-11-19T12:41:15.625" /><!-- duration: 16ms -->
        <step title="Extracting to C:\local\Temp\zipdeploy\extracted\functions\ab-test.js ..." date="2025-11-19T12:41:15.656" /><!-- duration: 31ms -->
        <step title="Extracting to C:\local\Temp\zipdeploy\extracted\functions\ab-test.js.map ..." date="2025-11-19T12:41:15.703" /><!-- duration: 31ms -->
        <step title="Extracting to C:\local\Temp\zipdeploy\extracted\functions\applications.js ..." date="2025-11-19T12:41:15.750" /><!-- duration: 16ms -->
        <step title="Omitting extracting file traces ..." date="2025-11-19T12:41:15.797" /><!-- duration: 16ms -->
        <step title="Extracting to C:\local\Temp\zipdeploy\extracted\index.js ..." date="2025-11-19T12:41:15.844" /><!-- duration: 31ms -->
        <step title="Extracting to C:\local\Temp\zipdeploy\extracted\index.js.map ..." date="2025-11-19T12:41:15.891" /><!-- duration: 16ms -->
        <step title="Extracting to C:\local\Temp\zipdeploy\extracted\host.json ..." date="2025-11-19T12:41:15.938" /><!-- duration: 31ms -->
        <step title="Extracting to C:\local\Temp\zipdeploy\extracted\package.json ..." date="2025-11-19T12:41:15.984" /><!-- duration: 31ms -->
        <step title="Extracting to C:\local\Temp\zipdeploy\extracted\package-lock.json ..." date="2025-11-19T12:41:16.031" /><!-- duration: 32ms -->
      </step><!-- duration: 516ms -->
    </step><!-- duration: 609ms -->
    <step title="Before sending BuildRequestReceived status to /api/updatedeploystatus" date="2025-11-19T12:41:16.125" /><!-- duration: 31ms -->
    <step title="DeploymentManager.Deploy(id:6a5bf355fe784df9a24db316fee780de)" date="2025-11-19T12:41:16.172" >
      <step title="Collecting changeset information" date="2025-11-19T12:41:16.219" /><!-- duration: 188ms -->
      <step title="Updating submodules" date="2025-11-19T12:41:16.422" >
        <step title="Updating submodules." date="2025-11-19T12:41:16.641" /><!-- duration: 16ms -->
      </step><!-- duration: 266ms -->
      <step title="Preparing deployment for commit id &apos;6a5bf355fe&apos;." date="2025-11-19T12:41:16.938" /><!-- duration: 16ms -->
      <step title="Determining deployment builder" date="2025-11-19T12:41:17.125" >
        <step title="Builder is BasicBuilder" date="2025-11-19T12:41:17.141" /><!-- duration: 16ms -->
      </step><!-- duration: 47ms -->
      <step title="Copying SSH keys" date="2025-11-19T12:41:17.266" /><!-- duration: 16ms -->
      <step title="Building" date="2025-11-19T12:41:17.313" >
        <step title="Generating deployment script." date="2025-11-19T12:41:17.469" /><!-- duration: 31ms -->
        <step title="Generating deployment script" date="2025-11-19T12:41:17.516" >
          <step title="Using cached version of the deployment script for command: -y --no-dot-deployment -r &quot;C:\local\Temp\zipdeploy\extracted&quot; -o &quot;C:\home\site\deployments\tools&quot; --basic --sitePath &quot;C:\local\Temp\zipdeploy\extracted&quot;" date="2025-11-19T12:41:17.578" /><!-- duration: 16ms -->
          <step title="Using cached version of deployment script (command: &apos;azure -y --no-dot-deployment -r &quot;C:\local\Temp\zipdeploy\extracted&quot; -o &quot;C:\home\site\deployments\tools&quot; --basic --sitePath &quot;C:\local\Temp\zipdeploy\extracted&quot;&apos;)." date="2025-11-19T12:41:17.625" /><!-- duration: 31ms -->
        </step><!-- duration: 157ms -->
        <step title="Running deployment command..." date="2025-11-19T12:41:17.859" /><!-- duration: 16ms -->
        <step title="Command: &quot;C:\home\site\deployments\tools\deploy.cmd&quot;" date="2025-11-19T12:41:17.922" /><!-- duration: 16ms -->
        <step title="Executing external process" date="2025-11-19T12:41:17.984" type="process" path="starter.cmd" arguments="&quot;C:\home\site\deployments\tools\deploy.cmd&quot;" >
          <step title="Handling Basic Web Site deployment." date="2025-11-19T12:41:18.203" /><!-- duration: 16ms -->
          <step title="Creating app_offline.htm" date="2025-11-19T12:41:19.000" /><!-- duration: 16ms -->
          <step title="KuduSync.NET from: &apos;C:\local\Temp\zipdeploy\extracted&apos; to: &apos;C:\home\site\wwwroot&apos;" date="2025-11-19T12:41:19.078" /><!-- duration: 16ms -->
          <step title="Copying file: &apos;app.js&apos;" date="2025-11-19T12:41:19.141" /><!-- duration: 16ms -->
          <step title="Copying file: &apos;app.js.map&apos;" date="2025-11-19T12:41:19.203" /><!-- duration: 16ms -->
          <step title="Copying file: &apos;index.js&apos;" date="2025-11-19T12:41:19.266" /><!-- duration: 31ms -->
          <step title="Copying file: &apos;index.js.map&apos;" date="2025-11-19T12:41:19.328" /><!-- duration: 31ms -->
          <step title="Copying file: &apos;package.json&apos;" date="2025-11-19T12:41:19.391" /><!-- duration: 16ms -->
          <step title="Copying file: &apos;functions\ab-test.js&apos;" date="2025-11-19T12:41:19.438" /><!-- duration: 16ms -->
          <step title="Copying file: &apos;functions\ab-test.js.map&apos;" date="2025-11-19T12:41:19.500" /><!-- duration: 16ms -->
          <step title="Copying file: &apos;functions\health.js&apos;" date="2025-11-19T12:41:19.563" /><!-- duration: 16ms -->
          <step title="Copying file: &apos;functions\health.js.map&apos;" date="2025-11-19T12:41:19.625" /><!-- duration: 16ms -->
          <step title="Copying file: &apos;functions\proxy-ab-test.js&apos;" date="2025-11-19T12:41:19.672" /><!-- duration: 16ms -->
          <step title="Copying file: &apos;functions\proxy-ab-test.js.map&apos;" date="2025-11-19T12:41:19.734" /><!-- duration: 16ms -->
          <step title="Copying file: &apos;functions\track-ab-test.js&apos;" date="2025-11-19T12:41:19.797" /><!-- duration: 16ms -->
          <step title="Copying file: &apos;functions\track-ab-test.js.map&apos;" date="2025-11-19T12:41:19.859" /><!-- duration: 16ms -->
          <step title="Copying file: &apos;functions\upload.js&apos;" date="2025-11-19T12:41:19.922" /><!-- duration: 31ms -->
          <step title="Copying file: &apos;functions\upload.js.map&apos;" date="2025-11-19T12:41:20.000" /><!-- duration: 31ms -->
          <step title="Deleting app_offline.htm" date="2025-11-19T12:41:20.078" /><!-- duration: 31ms -->
          <step title="Finished successfully." date="2025-11-19T12:41:20.156" /><!-- duration: 16ms -->
        </step><!-- duration: 2219ms -->
        <step title="Running post deployment command(s)..." date="2025-11-19T12:41:20.406" /><!-- duration: 31ms -->
        <step title="Triggering recycle (preview mode disabled)." date="2025-11-19T12:41:20.641" /><!-- duration: 16ms -->
        <step title="Ignoring FS watcher based recycle request as this is a classic Windows app." date="2025-11-19T12:41:20.688" /><!-- duration: 16ms -->
        <step title="Deployment successful. DEPLOYMENTINFO: deploymentPath = Functions App ZipDeploy. Extract zip. , deployer = az_cli_functions, os = windows, sku = Dynamic, language = node, siteName = fnt42kldozqahcu, slotName = Production, siteHostName = fnt42kldozqahcu.azurewebsites.net, deploymentStatus = Success" date="2025-11-19T12:41:21.391" /><!-- duration: 16ms -->
        <step title="Purge deployment items" date="2025-11-19T12:41:21.656" >
          <step title="Remove 0eeda8836, Success, received at 11/19/2025 3:53:09 AM" date="2025-11-19T12:41:21.906" /><!-- duration: 16ms -->
        </step><!-- duration: 297ms -->
      </step><!-- duration: 4752ms -->
    </step><!-- duration: 5907ms -->
    <step title="Cleaning up temp files" date="2025-11-19T12:41:22.109" /><!-- duration: 16ms -->
    <step title="Begin HttpPost https://fnt42kldozqahcu.scm.azurewebsites.net/operations/settriggers, x-ms-request-id: 04b7d1b3-c545-11f0-b503-1c792dfc69dd" date="2025-11-19T12:41:22.156" /><!-- duration: 31ms -->
    <step title="End HttpPost, status: OK" date="2025-11-19T12:41:22.250" /><!-- duration: 31ms -->
    <step title="Scheduling background sync triggers after delay" date="2025-11-19T12:41:22.297" /><!-- duration: 31ms -->
  </step><!-- duration: 7297ms -->
  <step title="LockFile &apos;C:\home\site\locks\deployments.lock&apos; released" date="2025-11-19T12:41:22.438" /><!-- duration: 16ms -->
</step><!-- duration: 7656ms -->
