<step title="Incoming Request" date="2025-11-19T12:37:26.475" instance="aa70e5" url="/api/zipdeploy?isAsync=true&amp;Deployer=az_cli_functions" method="POST" type="request" pid="7980,2,7" Cache-Control="no-cache" Connection="Keep-Alive" Content-Length="30851" Content-Type="application/octet-stream" Accept="*/*" Accept-Encoding="gzip, deflate" Authorization="Bas..." Host="fnt42kldozqahcu.scm.azurewebsites.net" User-Agent="AZURECLI/2.54.0 (MSI)" x-ms-client-request-id="7aa02bc9-c544-11f0-a71c-1c792dfc69dd" X-ARR-LOG-ID="7aa02bc9-c544-11f0-a71c-1c792dfc69dd" CLIENT-IP="159.196.168.42:13907" X-SITE-DEPLOYMENT-ID="fnt42kldozqahcu" WAS-DEFAULT-HOSTNAME="fnt42kldozqahcu.scm.azurewebsites.net" X-Forwarded-Proto="https" X-AppService-Proto="https" X-Forwarded-TlsVersion="1.3" X-WAWS-Unencoded-URL="/api/zipdeploy?isAsync=true&amp;Deployer=az_cli_functions" X-MS-COLDSTART="1" >
  <step title="ZipPushDeploy" date="2025-11-19T12:37:27.446" >
    <step title="Functions App ZipDeploy. Extract zip. " date="2025-11-19T12:37:27.477" /><!-- duration: 31ms -->
    <step title="Starting PushDeployAsync" date="2025-11-19T12:37:27.540" /><!-- duration: 16ms -->
    <step title="Updating shutdown sentinel last write time" date="2025-11-19T12:37:27.743" SemaphoreCount="7" /><!-- duration: 16ms -->
    <step title="LockFile &apos;C:\home\site\locks\deployments.lock&apos; acquired" date="2025-11-19T12:37:27.790" /><!-- duration: 16ms -->
    <step title="Saving request content to C:\local\Temp\zipdeploy\fp3ihca1.zip" date="2025-11-19T12:37:27.821" >
      <step title="Total 30,851 bytes written to C:\local\Temp\zipdeploy\fp3ihca1.zip" date="2025-11-19T12:37:27.883" /><!-- duration: 31ms -->
    </step><!-- duration: 109ms -->
    <step title="LockFile &apos;C:\home\site\locks\deployments.lock&apos; released" date="2025-11-19T12:37:27.962" /><!-- duration: 16ms -->
    <step title="Deleting shutdown sentinel file" date="2025-11-19T12:37:28.008" SemaphoreCount="8" /><!-- duration: 31ms -->
    <step title="Starting FetchDeploy" date="2025-11-19T12:37:28.071" /><!-- duration: 16ms -->
    <step title="Start deployment in the background" date="2025-11-19T12:37:28.118" >
      <step title="Starting LocalZipFetch" date="2025-11-19T12:37:28.758" /><!-- duration: 16ms -->
    </step><!-- duration: 1000ms -->
  </step><!-- duration: 1687ms -->
  <step title="Outgoing response" date="2025-11-19T12:37:30.165" type="response" statusCode="202" statusText="Accepted" Server="Microsoft-IIS/10.0" x-ms-request-id="7aa02bc9-c544-11f0-a71c-1c792dfc69dd" Retry-After="30" Cache-Control="private" X-AspNet-Version="4.0.30319" Location="https://fnt42kldozqahcu.scm.azurewebsites.net/api/deployments/latest?deployer=az_cli_functions&amp;time=2025-11-19_12-37-29Z" /><!-- duration: 16ms -->
</step><!-- duration: 3721ms -->
