<step title="BackgroundTrace" date="2025-11-19T03:53:07.991" instance="f2a224" url="/api/zipdeploy" method="POST" >
  <step title="Updating shutdown sentinel last write time" date="2025-11-19T03:53:08.038" SemaphoreCount="7" /><!-- duration: 31ms -->
  <step title="LockFile &apos;C:\home\site\locks\deployments.lock&apos; acquired" date="2025-11-19T03:53:08.085" /><!-- duration: 31ms -->
  <step title="Creating temporary deployment" date="2025-11-19T03:53:08.148" /><!-- duration: 219ms -->
  <step title="Performing fetch based deployment" date="2025-11-19T03:53:08.398" >
    <step title="Fetching changes." date="2025-11-19T03:53:08.648" /><!-- duration: 16ms -->
    <step title="Starting LocalZipHandler" date="2025-11-19T03:53:08.695" /><!-- duration: 16ms -->
    <step title="Starting ExtractTriggers" date="2025-11-19T03:53:08.757" /><!-- duration: 16ms -->
    <step title="Before sending BuildRequestReceived status to /api/updatedeploystatus" date="2025-11-19T03:53:08.851" /><!-- duration: 16ms -->
    <step title="DeploymentManager.Deploy(id:0eeda883649941f4bbc12e9b99044050)" date="2025-11-19T03:53:08.898" >
      <step title="Collecting changeset information" date="2025-11-19T03:53:08.945" /><!-- duration: 156ms -->
      <step title="Updating submodules" date="2025-11-19T03:53:09.132" >
        <step title="Updating submodules." date="2025-11-19T03:53:09.335" /><!-- duration: 16ms -->
      </step><!-- duration: 234ms -->
      <step title="Preparing deployment for commit id &apos;0eeda88364&apos;." date="2025-11-19T03:53:09.601" /><!-- duration: 16ms -->
      <step title="Determining deployment builder" date="2025-11-19T03:53:09.820" >
        <step title="Builder is RunFromZipSiteBuilder" date="2025-11-19T03:53:09.851" /><!-- duration: 16ms -->
      </step><!-- duration: 62ms -->
      <step title="Copying SSH keys" date="2025-11-19T03:53:09.991" /><!-- duration: 32ms -->
      <step title="Building" date="2025-11-19T03:53:10.070" >
        <step title="Skipping build. Project type: Run-From-Zip" date="2025-11-19T03:53:10.304" /><!-- duration: 31ms -->
        <step title="Skipping post build. Project type: Run-From-Zip" date="2025-11-19T03:53:10.554" /><!-- duration: 16ms -->
        <step title="Triggering recycle (preview mode disabled)." date="2025-11-19T03:53:10.773" /><!-- duration: 31ms -->
        <step title="Ignoring FS watcher based recycle request as this is a classic Windows app." date="2025-11-19T03:53:10.820" /><!-- duration: 31ms -->
        <step title="Deployment successful. DEPLOYMENTINFO: deploymentPath = Functions App ZipDeploy. Run from package., deployer = GITHUB_ZIP_DEPLOY_FUNCTIONS_V1, os = windows, sku = Dynamic, language = node, siteName = fnt42kldozqahcu, slotName = Production, siteHostName = fnt42kldozqahcu.azurewebsites.net, deploymentStatus = Success" date="2025-11-19T03:53:11.085" /><!-- duration: 31ms -->
        <step title="Purge deployment items" date="2025-11-19T03:53:11.491" >
          <step title="Remove 93deada34, Success, received at 11/18/2025 7:38:20 AM" date="2025-11-19T03:53:11.757" /><!-- duration: 16ms -->
        </step><!-- duration: 312ms -->
      </step><!-- duration: 1828ms -->
    </step><!-- duration: 3016ms -->
    <step title="Cleaning up temp files" date="2025-11-19T03:53:11.929" /><!-- duration: 31ms -->
    <step title="Updating C:\home\data\SitePackages\packagename.txt with deployment 20251119035307.zip" date="2025-11-19T03:53:11.991" /><!-- duration: 47ms -->
    <step title="Begin HttpPost https://fnt42kldozqahcu.scm.azurewebsites.net/operations/settriggers, x-ms-request-id: 81e5d2fb-ff3e-46e7-8f75-7a913950bd8e" date="2025-11-19T03:53:12.132" /><!-- duration: 16ms -->
    <step title="End HttpPost, status: OK" date="2025-11-19T03:53:12.570" /><!-- duration: 31ms -->
    <step title="Scheduling background sync triggers after delay" date="2025-11-19T03:53:12.617" /><!-- duration: 16ms -->
  </step><!-- duration: 4438ms -->
  <step title="LockFile &apos;C:\home\site\locks\deployments.lock&apos; released" date="2025-11-19T03:53:12.866" /><!-- duration: 16ms -->
</step><!-- duration: 4938ms -->
