<step title="BackgroundTrace" date="2025-11-19T12:43:56.359" instance="aa70e5" url="/api/zipdeploy" method="POST" >
  <step title="Updating shutdown sentinel last write time" date="2025-11-19T12:43:56.406" SemaphoreCount="7" /><!-- duration: 16ms -->
  <step title="LockFile &apos;C:\home\site\locks\deployments.lock&apos; acquired" date="2025-11-19T12:43:56.437" /><!-- duration: 31ms -->
  <step title="Creating temporary deployment" date="2025-11-19T12:43:56.484" /><!-- duration: 141ms -->
  <step title="Performing fetch based deployment" date="2025-11-19T12:43:56.640" >
    <step title="Fetching changes." date="2025-11-19T12:43:56.859" /><!-- duration: 31ms -->
    <step title="Starting LocalZipHandler" date="2025-11-19T12:43:56.922" /><!-- duration: 16ms -->
    <step title="Cleaning up temp folders from previous zip deployments and extracting pushed zip file C:\local\Temp\zipdeploy\m4ghbpxl.zip (0.03 MB) to C:\local\Temp\zipdeploy\extracted" date="2025-11-19T12:43:57.062" /><!-- duration: 31ms -->
    <step title="Cleaning up temp folders from previous zip deployments and extracting pushed zip file C:\local\Temp\zipdeploy\m4ghbpxl.zip (0.03 MB) to C:\local\Temp\zipdeploy\extracted" date="2025-11-19T12:43:57.109" >
      <step title="Renaming extractTargetDirectory(C:\local\Temp\zipdeploy\extracted) to tempDirectory(C:\local\Temp\zipdeploy\n3wzrv3g.5bz)" date="2025-11-19T12:43:57.140" /><!-- duration: 16ms -->
      <step title="Extracting 21 entries to C:\local\Temp\zipdeploy\extracted directory" date="2025-11-19T12:43:57.187" >
        <step title="Extracting to C:\local\Temp\zipdeploy\extracted\functions\ab-test-old.js ..." date="2025-11-19T12:43:57.234" /><!-- duration: 16ms -->
        <step title="Extracting to C:\local\Temp\zipdeploy\extracted\functions\ab-test-old.js.map ..." date="2025-11-19T12:43:57.265" /><!-- duration: 31ms -->
        <step title="Extracting to C:\local\Temp\zipdeploy\extracted\functions\ab-test.js ..." date="2025-11-19T12:43:57.312" /><!-- duration: 31ms -->
        <step title="Extracting to C:\local\Temp\zipdeploy\extracted\functions\ab-test.js.map ..." date="2025-11-19T12:43:57.359" /><!-- duration: 16ms -->
        <step title="Extracting to C:\local\Temp\zipdeploy\extracted\functions\applications.js ..." date="2025-11-19T12:43:57.406" /><!-- duration: 16ms -->
        <step title="Omitting extracting file traces ..." date="2025-11-19T12:43:57.453" /><!-- duration: 16ms -->
        <step title="Extracting to C:\local\Temp\zipdeploy\extracted\index.js ..." date="2025-11-19T12:43:57.500" /><!-- duration: 31ms -->
        <step title="Extracting to C:\local\Temp\zipdeploy\extracted\index.js.map ..." date="2025-11-19T12:43:57.547" /><!-- duration: 16ms -->
        <step title="Extracting to C:\local\Temp\zipdeploy\extracted\host.json ..." date="2025-11-19T12:43:57.593" /><!-- duration: 16ms -->
        <step title="Extracting to C:\local\Temp\zipdeploy\extracted\package.json ..." date="2025-11-19T12:43:57.640" /><!-- duration: 31ms -->
        <step title="Extracting to C:\local\Temp\zipdeploy\extracted\package-lock.json ..." date="2025-11-19T12:43:57.687" /><!-- duration: 31ms -->
      </step><!-- duration: 547ms -->
    </step><!-- duration: 641ms -->
    <step title="Before sending BuildRequestReceived status to /api/updatedeploystatus" date="2025-11-19T12:43:57.781" /><!-- duration: 16ms -->
    <step title="DeploymentManager.Deploy(id:391b25425bd24b389ba396a6cbb27952)" date="2025-11-19T12:43:57.828" >
      <step title="Collecting changeset information" date="2025-11-19T12:43:57.859" /><!-- duration: 188ms -->
      <step title="Updating submodules" date="2025-11-19T12:43:58.078" >
        <step title="Updating submodules." date="2025-11-19T12:43:58.265" /><!-- duration: 16ms -->
      </step><!-- duration: 234ms -->
      <step title="Preparing deployment for commit id &apos;391b25425b&apos;." date="2025-11-19T12:43:58.500" /><!-- duration: 16ms -->
      <step title="Determining deployment builder" date="2025-11-19T12:43:58.687" >
        <step title="Builder is BasicBuilder" date="2025-11-19T12:43:58.703" /><!-- duration: 31ms -->
      </step><!-- duration: 62ms -->
      <step title="Copying SSH keys" date="2025-11-19T12:43:58.828" /><!-- duration: 47ms -->
      <step title="Building" date="2025-11-19T12:43:58.906" >
        <step title="Generating deployment script." date="2025-11-19T12:43:59.109" /><!-- duration: 16ms -->
        <step title="Generating deployment script" date="2025-11-19T12:43:59.140" >
          <step title="Using cached version of the deployment script for command: -y --no-dot-deployment -r &quot;C:\local\Temp\zipdeploy\extracted&quot; -o &quot;C:\home\site\deployments\tools&quot; --basic --sitePath &quot;C:\local\Temp\zipdeploy\extracted&quot;" date="2025-11-19T12:43:59.218" /><!-- duration: 16ms -->
          <step title="Using cached version of deployment script (command: &apos;azure -y --no-dot-deployment -r &quot;C:\local\Temp\zipdeploy\extracted&quot; -o &quot;C:\home\site\deployments\tools&quot; --basic --sitePath &quot;C:\local\Temp\zipdeploy\extracted&quot;&apos;)." date="2025-11-19T12:43:59.312" /><!-- duration: 31ms -->
        </step><!-- duration: 234ms -->
        <step title="Running deployment command..." date="2025-11-19T12:43:59.562" /><!-- duration: 31ms -->
        <step title="Command: &quot;C:\home\site\deployments\tools\deploy.cmd&quot;" date="2025-11-19T12:43:59.640" /><!-- duration: 31ms -->
        <step title="Executing external process" date="2025-11-19T12:43:59.703" type="process" path="starter.cmd" arguments="&quot;C:\home\site\deployments\tools\deploy.cmd&quot;" >
          <step title="Handling Basic Web Site deployment." date="2025-11-19T12:44:00.718" /><!-- duration: 31ms -->
          <step title="Creating app_offline.htm" date="2025-11-19T12:44:00.781" /><!-- duration: 31ms -->
          <step title="KuduSync.NET from: &apos;C:\local\Temp\zipdeploy\extracted&apos; to: &apos;C:\home\site\wwwroot&apos;" date="2025-11-19T12:44:00.843" /><!-- duration: 31ms -->
          <step title="Copying file: &apos;app.js&apos;" date="2025-11-19T12:44:00.906" /><!-- duration: 31ms -->
          <step title="Copying file: &apos;app.js.map&apos;" date="2025-11-19T12:44:00.984" /><!-- duration: 16ms -->
          <step title="Copying file: &apos;index.js&apos;" date="2025-11-19T12:44:01.031" /><!-- duration: 32ms -->
          <step title="Copying file: &apos;index.js.map&apos;" date="2025-11-19T12:44:01.109" /><!-- duration: 16ms -->
          <step title="Copying file: &apos;package.json&apos;" date="2025-11-19T12:44:01.172" /><!-- duration: 16ms -->
          <step title="Copying file: &apos;functions\ab-test.js&apos;" date="2025-11-19T12:44:01.234" /><!-- duration: 16ms -->
          <step title="Copying file: &apos;functions\ab-test.js.map&apos;" date="2025-11-19T12:44:01.312" /><!-- duration: 16ms -->
          <step title="Copying file: &apos;functions\health.js&apos;" date="2025-11-19T12:44:01.375" /><!-- duration: 16ms -->
          <step title="Copying file: &apos;functions\health.js.map&apos;" date="2025-11-19T12:44:01.437" /><!-- duration: 16ms -->
          <step title="Copying file: &apos;functions\proxy-ab-test.js&apos;" date="2025-11-19T12:44:01.500" /><!-- duration: 16ms -->
          <step title="Copying file: &apos;functions\proxy-ab-test.js.map&apos;" date="2025-11-19T12:44:01.562" /><!-- duration: 16ms -->
          <step title="Copying file: &apos;functions\track-ab-test.js&apos;" date="2025-11-19T12:44:01.609" /><!-- duration: 32ms -->
          <step title="Copying file: &apos;functions\track-ab-test.js.map&apos;" date="2025-11-19T12:44:01.687" /><!-- duration: 31ms -->
          <step title="Copying file: &apos;functions\upload.js&apos;" date="2025-11-19T12:44:01.765" /><!-- duration: 16ms -->
          <step title="Copying file: &apos;functions\upload.js.map&apos;" date="2025-11-19T12:44:01.828" /><!-- duration: 16ms -->
          <step title="Deleting app_offline.htm" date="2025-11-19T12:44:01.890" /><!-- duration: 31ms -->
          <step title="Finished successfully." date="2025-11-19T12:44:01.968" /><!-- duration: 16ms -->
        </step><!-- duration: 2312ms -->
        <step title="Running post deployment command(s)..." date="2025-11-19T12:44:02.187" /><!-- duration: 31ms -->
        <step title="Triggering recycle (preview mode disabled)." date="2025-11-19T12:44:02.406" /><!-- duration: 16ms -->
        <step title="Ignoring FS watcher based recycle request as this is a classic Windows app." date="2025-11-19T12:44:02.453" /><!-- duration: 16ms -->
        <step title="Deployment successful. DEPLOYMENTINFO: deploymentPath = Functions App ZipDeploy. Extract zip. , deployer = az_cli_functions, os = windows, sku = Dynamic, language = node, siteName = fnt42kldozqahcu, slotName = Production, siteHostName = fnt42kldozqahcu.azurewebsites.net, deploymentStatus = Success" date="2025-11-19T12:44:02.672" /><!-- duration: 16ms -->
        <step title="Purge deployment items" date="2025-11-19T12:44:02.984" >
          <step title="Remove d6cc92664, Success, received at 11/19/2025 4:00:59 AM" date="2025-11-19T12:44:03.281" /><!-- duration: 16ms -->
        </step><!-- duration: 344ms -->
      </step><!-- duration: 4500ms -->
    </step><!-- duration: 5594ms -->
    <step title="Cleaning up temp files" date="2025-11-19T12:44:03.453" /><!-- duration: 16ms -->
    <step title="Begin HttpPost https://fnt42kldozqahcu.scm.azurewebsites.net/operations/settriggers, x-ms-request-id: 6594047e-c545-11f0-9450-1c792dfc69dd" date="2025-11-19T12:44:03.515" /><!-- duration: 16ms -->
    <step title="End HttpPost, status: OK" date="2025-11-19T12:44:03.578" /><!-- duration: 16ms -->
    <step title="Scheduling background sync triggers after delay" date="2025-11-19T12:44:03.625" /><!-- duration: 16ms -->
  </step><!-- duration: 7062ms -->
  <step title="LockFile &apos;C:\home\site\locks\deployments.lock&apos; released" date="2025-11-19T12:44:03.734" /><!-- duration: 16ms -->
</step><!-- duration: 7437ms -->
