<step title="BackgroundTrace" date="2025-11-19T04:00:57.748" instance="9dfc7a" url="/api/zipdeploy" method="POST" >
  <step title="Updating shutdown sentinel last write time" date="2025-11-19T04:00:57.795" SemaphoreCount="7" /><!-- duration: 16ms -->
  <step title="LockFile &apos;C:\home\site\locks\deployments.lock&apos; acquired" date="2025-11-19T04:00:57.842" /><!-- duration: 16ms -->
  <step title="Creating temporary deployment" date="2025-11-19T04:00:57.889" /><!-- duration: 157ms -->
  <step title="Performing fetch based deployment" date="2025-11-19T04:00:58.092" >
    <step title="Fetching changes." date="2025-11-19T04:00:58.326" /><!-- duration: 31ms -->
    <step title="Starting LocalZipHandler" date="2025-11-19T04:00:58.389" /><!-- duration: 31ms -->
    <step title="Cleaning up temp folders from previous zip deployments and extracting pushed zip file C:\local\Temp\zipdeploy\rzowlour.zip (0.02 MB) to C:\local\Temp\zipdeploy\extracted" date="2025-11-19T04:00:58.561" /><!-- duration: 16ms -->
    <step title="Cleaning up temp folders from previous zip deployments and extracting pushed zip file C:\local\Temp\zipdeploy\rzowlour.zip (0.02 MB) to C:\local\Temp\zipdeploy\extracted" date="2025-11-19T04:00:58.608" >
      <step title="Extracting 18 entries to C:\local\Temp\zipdeploy\extracted directory" date="2025-11-19T04:00:59.233" >
        <step title="Extracting to C:\local\Temp\zipdeploy\extracted\app.js ..." date="2025-11-19T04:00:59.264" /><!-- duration: 31ms -->
        <step title="Extracting to C:\local\Temp\zipdeploy\extracted\app.js.map ..." date="2025-11-19T04:00:59.326" /><!-- duration: 16ms -->
        <step title="Extracting to C:\local\Temp\zipdeploy\extracted\host.json ..." date="2025-11-19T04:00:59.358" /><!-- duration: 31ms -->
        <step title="Extracting to C:\local\Temp\zipdeploy\extracted\index.js ..." date="2025-11-19T04:00:59.405" /><!-- duration: 31ms -->
        <step title="Extracting to C:\local\Temp\zipdeploy\extracted\index.js.map ..." date="2025-11-19T04:00:59.451" /><!-- duration: 16ms -->
        <step title="Omitting extracting file traces ..." date="2025-11-19T04:00:59.498" /><!-- duration: 16ms -->
        <step title="Extracting to C:\local\Temp\zipdeploy\extracted\functions\track-ab-test.js ..." date="2025-11-19T04:00:59.545" /><!-- duration: 16ms -->
        <step title="Extracting to C:\local\Temp\zipdeploy\extracted\functions\track-ab-test.js.map ..." date="2025-11-19T04:00:59.592" /><!-- duration: 18ms -->
        <step title="Extracting to C:\local\Temp\zipdeploy\extracted\functions\upload.js ..." date="2025-11-19T04:00:59.623" /><!-- duration: 31ms -->
        <step title="Extracting to C:\local\Temp\zipdeploy\extracted\functions\upload.js.map ..." date="2025-11-19T04:00:59.686" /><!-- duration: 16ms -->
      </step><!-- duration: 484ms -->
    </step><!-- duration: 1156ms -->
    <step title="Before sending BuildRequestReceived status to /api/updatedeploystatus" date="2025-11-19T04:00:59.780" /><!-- duration: 31ms -->
    <step title="DeploymentManager.Deploy(id:d6cc9266496f4a7395d0418088f27ada)" date="2025-11-19T04:00:59.826" >
      <step title="Collecting changeset information" date="2025-11-19T04:00:59.905" /><!-- duration: 188ms -->
      <step title="Updating submodules" date="2025-11-19T04:01:00.123" >
        <step title="Updating submodules." date="2025-11-19T04:01:00.358" /><!-- duration: 31ms -->
      </step><!-- duration: 281ms -->
      <step title="Preparing deployment for commit id &apos;d6cc926649&apos;." date="2025-11-19T04:01:00.639" /><!-- duration: 16ms -->
      <step title="Determining deployment builder" date="2025-11-19T04:01:00.858" >
        <step title="Builder is BasicBuilder" date="2025-11-19T04:01:00.889" /><!-- duration: 16ms -->
      </step><!-- duration: 78ms -->
      <step title="Copying SSH keys" date="2025-11-19T04:01:01.030" /><!-- duration: 49ms -->
      <step title="Building" date="2025-11-19T04:01:01.108" >
        <step title="Generating deployment script." date="2025-11-19T04:01:01.326" /><!-- duration: 31ms -->
        <step title="Generating deployment script" date="2025-11-19T04:01:01.373" >
          <step title="Using cached version of the deployment script for command: -y --no-dot-deployment -r &quot;C:\local\Temp\zipdeploy\extracted&quot; -o &quot;C:\home\site\deployments\tools&quot; --basic --sitePath &quot;C:\local\Temp\zipdeploy\extracted&quot;" date="2025-11-19T04:01:01.576" /><!-- duration: 16ms -->
          <step title="Using cached version of deployment script (command: &apos;azure -y --no-dot-deployment -r &quot;C:\local\Temp\zipdeploy\extracted&quot; -o &quot;C:\home\site\deployments\tools&quot; --basic --sitePath &quot;C:\local\Temp\zipdeploy\extracted&quot;&apos;)." date="2025-11-19T04:01:01.639" /><!-- duration: 16ms -->
        </step><!-- duration: 313ms -->
        <step title="Running deployment command..." date="2025-11-19T04:01:01.905" /><!-- duration: 47ms -->
        <step title="Command: &quot;C:\home\site\deployments\tools\deploy.cmd&quot;" date="2025-11-19T04:01:01.998" /><!-- duration: 16ms -->
        <step title="Executing external process" date="2025-11-19T04:01:02.061" type="process" path="starter.cmd" arguments="&quot;C:\home\site\deployments\tools\deploy.cmd&quot;" >
          <step title="Handling Basic Web Site deployment." date="2025-11-19T04:01:02.936" /><!-- duration: 31ms -->
          <step title="Creating app_offline.htm" date="2025-11-19T04:01:03.639" /><!-- duration: 16ms -->
          <step title="KuduSync.NET from: &apos;C:\local\Temp\zipdeploy\extracted&apos; to: &apos;C:\home\site\wwwroot&apos;" date="2025-11-19T04:01:03.701" /><!-- duration: 16ms -->
          <step title="Copying file: &apos;app.js&apos;" date="2025-11-19T04:01:03.764" /><!-- duration: 31ms -->
          <step title="Copying file: &apos;app.js.map&apos;" date="2025-11-19T04:01:03.842" /><!-- duration: 16ms -->
          <step title="Copying file: &apos;host.json&apos;" date="2025-11-19T04:01:03.905" /><!-- duration: 16ms -->
          <step title="Copying file: &apos;index.js&apos;" date="2025-11-19T04:01:03.967" /><!-- duration: 16ms -->
          <step title="Copying file: &apos;index.js.map&apos;" date="2025-11-19T04:01:04.030" /><!-- duration: 31ms -->
          <step title="Copying file: &apos;package-lock.json&apos;" date="2025-11-19T04:01:04.108" /><!-- duration: 16ms -->
          <step title="Copying file: &apos;package.json&apos;" date="2025-11-19T04:01:04.186" /><!-- duration: 16ms -->
          <step title="Copying file: &apos;functions\ab-test.js&apos;" date="2025-11-19T04:01:04.248" /><!-- duration: 47ms -->
          <step title="Copying file: &apos;functions\ab-test.js.map&apos;" date="2025-11-19T04:01:04.342" /><!-- duration: 16ms -->
          <step title="Copying file: &apos;functions\health.js&apos;" date="2025-11-19T04:01:04.420" /><!-- duration: 16ms -->
          <step title="Copying file: &apos;functions\health.js.map&apos;" date="2025-11-19T04:01:04.483" /><!-- duration: 16ms -->
          <step title="Copying file: &apos;functions\proxy-ab-test.js&apos;" date="2025-11-19T04:01:04.545" /><!-- duration: 31ms -->
          <step title="Copying file: &apos;functions\proxy-ab-test.js.map&apos;" date="2025-11-19T04:01:04.639" /><!-- duration: 16ms -->
          <step title="Copying file: &apos;functions\track-ab-test.js&apos;" date="2025-11-19T04:01:04.717" /><!-- duration: 31ms -->
          <step title="Copying file: &apos;functions\track-ab-test.js.map&apos;" date="2025-11-19T04:01:04.795" /><!-- duration: 16ms -->
          <step title="Copying file: &apos;functions\upload.js&apos;" date="2025-11-19T04:01:04.873" /><!-- duration: 31ms -->
          <step title="Copying file: &apos;functions\upload.js.map&apos;" date="2025-11-19T04:01:04.967" /><!-- duration: 31ms -->
          <step title="Deleting app_offline.htm" date="2025-11-19T04:01:05.062" /><!-- duration: 14ms -->
          <step title="Finished successfully." date="2025-11-19T04:01:05.139" /><!-- duration: 31ms -->
        </step><!-- duration: 3141ms -->
        <step title="Running post deployment command(s)..." date="2025-11-19T04:01:05.436" /><!-- duration: 16ms -->
        <step title="Triggering recycle (preview mode disabled)." date="2025-11-19T04:01:05.717" /><!-- duration: 16ms -->
        <step title="Ignoring FS watcher based recycle request as this is a classic Windows app." date="2025-11-19T04:01:05.764" /><!-- duration: 16ms -->
        <step title="Deployment successful. DEPLOYMENTINFO: deploymentPath = Functions App ZipDeploy. Extract zip. , deployer = GITHUB_ZIP_DEPLOY_FUNCTIONS_V1, os = windows, sku = Dynamic, language = node, siteName = fnt42kldozqahcu, slotName = Production, siteHostName = fnt42kldozqahcu.azurewebsites.net, deploymentStatus = Success" date="2025-11-19T04:01:06.280" /><!-- duration: 16ms -->
        <step title="Purge deployment items" date="2025-11-19T04:01:06.670" >
          <step title="Remove 2e7c80b91, Success, received at 11/18/2025 7:59:17 AM" date="2025-11-19T04:01:06.951" /><!-- duration: 16ms -->
        </step><!-- duration: 344ms -->
      </step><!-- duration: 6062ms -->
    </step><!-- duration: 7375ms -->
    <step title="Cleaning up temp files" date="2025-11-19T04:01:07.233" /><!-- duration: 31ms -->
    <step title="Begin HttpPost https://fnt42kldozqahcu.scm.azurewebsites.net/operations/settriggers, x-ms-request-id: 0b3f6687-7b76-4252-92c5-68c205d66a69" date="2025-11-19T04:01:07.373" /><!-- duration: 31ms -->
    <step title="End HttpPost, status: OK" date="2025-11-19T04:01:07.842" /><!-- duration: 16ms -->
    <step title="Scheduling background sync triggers after delay" date="2025-11-19T04:01:07.889" /><!-- duration: 16ms -->
  </step><!-- duration: 9922ms -->
  <step title="LockFile &apos;C:\home\site\locks\deployments.lock&apos; released" date="2025-11-19T04:01:08.062" /><!-- duration: 30ms -->
</step><!-- duration: 10375ms -->
