<step title="BackgroundTrace" date="2025-11-19T04:07:18.739" instance="9dfc7a" url="/api/zipdeploy" method="POST" >
  <step title="Updating shutdown sentinel last write time" date="2025-11-19T04:07:18.786" SemaphoreCount="7" /><!-- duration: 31ms -->
  <step title="LockFile &apos;C:\home\site\locks\deployments.lock&apos; acquired" date="2025-11-19T04:07:18.849" /><!-- duration: 16ms -->
  <step title="Creating temporary deployment" date="2025-11-19T04:07:18.895" /><!-- duration: 156ms -->
  <step title="Performing fetch based deployment" date="2025-11-19T04:07:19.083" >
    <step title="Fetching changes." date="2025-11-19T04:07:19.302" /><!-- duration: 31ms -->
    <step title="Starting LocalZipHandler" date="2025-11-19T04:07:19.349" /><!-- duration: 31ms -->
    <step title="Cleaning up temp folders from previous zip deployments and extracting pushed zip file C:\local\Temp\zipdeploy\e3zw04ki.zip (0.02 MB) to C:\local\Temp\zipdeploy\extracted" date="2025-11-19T04:07:19.489" /><!-- duration: 16ms -->
    <step title="Cleaning up temp folders from previous zip deployments and extracting pushed zip file C:\local\Temp\zipdeploy\e3zw04ki.zip (0.02 MB) to C:\local\Temp\zipdeploy\extracted" date="2025-11-19T04:07:19.536" >
      <step title="Renaming extractTargetDirectory(C:\local\Temp\zipdeploy\extracted) to tempDirectory(C:\local\Temp\zipdeploy\t3qta03c.5vu)" date="2025-11-19T04:07:19.552" /><!-- duration: 16ms -->
      <step title="Extracting 18 entries to C:\local\Temp\zipdeploy\extracted directory" date="2025-11-19T04:07:19.661" >
        <step title="Extracting to C:\local\Temp\zipdeploy\extracted\app.js ..." date="2025-11-19T04:07:19.692" /><!-- duration: 31ms -->
        <step title="Extracting to C:\local\Temp\zipdeploy\extracted\app.js.map ..." date="2025-11-19T04:07:19.739" /><!-- duration: 31ms -->
        <step title="Extracting to C:\local\Temp\zipdeploy\extracted\host.json ..." date="2025-11-19T04:07:19.786" /><!-- duration: 31ms -->
        <step title="Extracting to C:\local\Temp\zipdeploy\extracted\index.js ..." date="2025-11-19T04:07:19.833" /><!-- duration: 31ms -->
        <step title="Extracting to C:\local\Temp\zipdeploy\extracted\index.js.map ..." date="2025-11-19T04:07:19.880" /><!-- duration: 31ms -->
        <step title="Omitting extracting file traces ..." date="2025-11-19T04:07:19.927" /><!-- duration: 31ms -->
        <step title="Extracting to C:\local\Temp\zipdeploy\extracted\functions\track-ab-test.js ..." date="2025-11-19T04:07:19.989" /><!-- duration: 31ms -->
        <step title="Extracting to C:\local\Temp\zipdeploy\extracted\functions\track-ab-test.js.map ..." date="2025-11-19T04:07:20.036" /><!-- duration: 47ms -->
        <step title="Extracting to C:\local\Temp\zipdeploy\extracted\functions\upload.js ..." date="2025-11-19T04:07:20.114" /><!-- duration: 31ms -->
        <step title="Extracting to C:\local\Temp\zipdeploy\extracted\functions\upload.js.map ..." date="2025-11-19T04:07:20.177" /><!-- duration: 48ms -->
      </step><!-- duration: 595ms -->
    </step><!-- duration: 751ms -->
    <step title="Before sending BuildRequestReceived status to /api/updatedeploystatus" date="2025-11-19T04:07:20.319" /><!-- duration: 16ms -->
    <step title="DeploymentManager.Deploy(id:6709996d172e48aeb4f0b1cece69008b)" date="2025-11-19T04:07:20.366" >
      <step title="Collecting changeset information" date="2025-11-19T04:07:20.412" /><!-- duration: 203ms -->
      <step title="Updating submodules" date="2025-11-19T04:07:20.631" >
        <step title="Updating submodules." date="2025-11-19T04:07:20.850" /><!-- duration: 16ms -->
      </step><!-- duration: 266ms -->
      <step title="Preparing deployment for commit id &apos;6709996d17&apos;." date="2025-11-19T04:07:21.117" /><!-- duration: 16ms -->
      <step title="Determining deployment builder" date="2025-11-19T04:07:21.320" >
        <step title="Builder is BasicBuilder" date="2025-11-19T04:07:21.352" /><!-- duration: 31ms -->
      </step><!-- duration: 78ms -->
      <step title="Copying SSH keys" date="2025-11-19T04:07:21.492" /><!-- duration: 31ms -->
      <step title="Building" date="2025-11-19T04:07:21.539" >
        <step title="Generating deployment script." date="2025-11-19T04:07:21.742" /><!-- duration: 47ms -->
        <step title="Generating deployment script" date="2025-11-19T04:07:21.805" >
          <step title="Using cached version of the deployment script for command: -y --no-dot-deployment -r &quot;C:\local\Temp\zipdeploy\extracted&quot; -o &quot;C:\home\site\deployments\tools&quot; --basic --sitePath &quot;C:\local\Temp\zipdeploy\extracted&quot;" date="2025-11-19T04:07:21.867" /><!-- duration: 31ms -->
          <step title="Using cached version of deployment script (command: &apos;azure -y --no-dot-deployment -r &quot;C:\local\Temp\zipdeploy\extracted&quot; -o &quot;C:\home\site\deployments\tools&quot; --basic --sitePath &quot;C:\local\Temp\zipdeploy\extracted&quot;&apos;)." date="2025-11-19T04:07:21.945" /><!-- duration: 16ms -->
        </step><!-- duration: 188ms -->
        <step title="Running deployment command..." date="2025-11-19T04:07:22.211" /><!-- duration: 31ms -->
        <step title="Command: &quot;C:\home\site\deployments\tools\deploy.cmd&quot;" date="2025-11-19T04:07:22.273" /><!-- duration: 31ms -->
        <step title="Executing external process" date="2025-11-19T04:07:22.352" type="process" path="starter.cmd" arguments="&quot;C:\home\site\deployments\tools\deploy.cmd&quot;" >
          <step title="Handling Basic Web Site deployment." date="2025-11-19T04:07:23.294" /><!-- duration: 16ms -->
          <step title="Creating app_offline.htm" date="2025-11-19T04:07:23.590" /><!-- duration: 31ms -->
          <step title="KuduSync.NET from: &apos;C:\local\Temp\zipdeploy\extracted&apos; to: &apos;C:\home\site\wwwroot&apos;" date="2025-11-19T04:07:23.653" /><!-- duration: 31ms -->
          <step title="Copying file: &apos;app.js&apos;" date="2025-11-19T04:07:23.731" /><!-- duration: 16ms -->
          <step title="Copying file: &apos;app.js.map&apos;" date="2025-11-19T04:07:23.794" /><!-- duration: 31ms -->
          <step title="Copying file: &apos;host.json&apos;" date="2025-11-19T04:07:23.887" /><!-- duration: 31ms -->
          <step title="Copying file: &apos;index.js&apos;" date="2025-11-19T04:07:23.981" /><!-- duration: 16ms -->
          <step title="Copying file: &apos;index.js.map&apos;" date="2025-11-19T04:07:24.067" /><!-- duration: 23ms -->
          <step title="Copying file: &apos;package-lock.json&apos;" date="2025-11-19T04:07:24.169" /><!-- duration: 16ms -->
          <step title="Copying file: &apos;package.json&apos;" date="2025-11-19T04:07:24.247" /><!-- duration: 16ms -->
          <step title="Copying file: &apos;functions\ab-test.js&apos;" date="2025-11-19T04:07:24.325" /><!-- duration: 16ms -->
          <step title="Copying file: &apos;functions\ab-test.js.map&apos;" date="2025-11-19T04:07:24.387" /><!-- duration: 31ms -->
          <step title="Copying file: &apos;functions\health.js&apos;" date="2025-11-19T04:07:24.465" /><!-- duration: 31ms -->
          <step title="Copying file: &apos;functions\health.js.map&apos;" date="2025-11-19T04:07:24.544" /><!-- duration: 16ms -->
          <step title="Copying file: &apos;functions\proxy-ab-test.js&apos;" date="2025-11-19T04:07:24.622" /><!-- duration: 16ms -->
          <step title="Copying file: &apos;functions\proxy-ab-test.js.map&apos;" date="2025-11-19T04:07:24.700" /><!-- duration: 31ms -->
          <step title="Copying file: &apos;functions\track-ab-test.js&apos;" date="2025-11-19T04:07:24.778" /><!-- duration: 17ms -->
          <step title="Copying file: &apos;functions\track-ab-test.js.map&apos;" date="2025-11-19T04:07:24.840" /><!-- duration: 47ms -->
          <step title="Copying file: &apos;functions\upload.js&apos;" date="2025-11-19T04:07:24.935" /><!-- duration: 15ms -->
          <step title="Copying file: &apos;functions\upload.js.map&apos;" date="2025-11-19T04:07:24.997" /><!-- duration: 31ms -->
          <step title="Deleting app_offline.htm" date="2025-11-19T04:07:25.075" /><!-- duration: 31ms -->
          <step title="Finished successfully." date="2025-11-19T04:07:25.153" /><!-- duration: 16ms -->
        </step><!-- duration: 2833ms -->
        <step title="Running post deployment command(s)..." date="2025-11-19T04:07:25.387" /><!-- duration: 31ms -->
        <step title="Triggering recycle (preview mode disabled)." date="2025-11-19T04:07:25.637" /><!-- duration: 16ms -->
        <step title="Ignoring FS watcher based recycle request as this is a classic Windows app." date="2025-11-19T04:07:25.684" /><!-- duration: 31ms -->
        <step title="Deployment successful. DEPLOYMENTINFO: deploymentPath = Functions App ZipDeploy. Extract zip. , deployer = GITHUB_ZIP_DEPLOY_FUNCTIONS_V1, os = windows, sku = Dynamic, language = node, siteName = fnt42kldozqahcu, slotName = Production, siteHostName = fnt42kldozqahcu.azurewebsites.net, deploymentStatus = Success" date="2025-11-19T04:07:25.919" /><!-- duration: 31ms -->
        <step title="Purge deployment items" date="2025-11-19T04:07:26.262" >
          <step title="Remove f6564680e, Success, received at 11/18/2025 8:08:01 AM" date="2025-11-19T04:07:26.544" /><!-- duration: 31ms -->
        </step><!-- duration: 328ms -->
      </step><!-- duration: 5160ms -->
    </step><!-- duration: 6365ms -->
    <step title="Cleaning up temp files" date="2025-11-19T04:07:26.747" /><!-- duration: 47ms -->
    <step title="Begin HttpPost https://fnt42kldozqahcu.scm.azurewebsites.net/operations/settriggers, x-ms-request-id: 6468a33f-36f8-4a95-af69-8fbe484f91cd" date="2025-11-19T04:07:26.825" /><!-- duration: 16ms -->
    <step title="End HttpPost, status: OK" date="2025-11-19T04:07:26.903" /><!-- duration: 31ms -->
    <step title="Scheduling background sync triggers after delay" date="2025-11-19T04:07:26.950" /><!-- duration: 31ms -->
  </step><!-- duration: 7995ms -->
  <step title="LockFile &apos;C:\home\site\locks\deployments.lock&apos; released" date="2025-11-19T04:07:27.106" /><!-- duration: 31ms -->
</step><!-- duration: 8445ms -->
