<step title="BackgroundTrace" date="2025-11-19T12:21:39.157" instance="c47478" url="/api/zipdeploy" method="POST" >
  <step title="Updating shutdown sentinel last write time" date="2025-11-19T12:21:39.204" SemaphoreCount="7" /><!-- duration: 16ms -->
  <step title="LockFile &apos;C:\home\site\locks\deployments.lock&apos; acquired" date="2025-11-19T12:21:39.235" /><!-- duration: 31ms -->
  <step title="Creating temporary deployment" date="2025-11-19T12:21:39.282" /><!-- duration: 156ms -->
  <step title="Performing fetch based deployment" date="2025-11-19T12:21:39.454" >
    <step title="Fetching changes." date="2025-11-19T12:21:39.688" /><!-- duration: 16ms -->
    <step title="Starting LocalZipHandler" date="2025-11-19T12:21:39.735" /><!-- duration: 31ms -->
    <step title="Cleaning up temp folders from previous zip deployments and extracting pushed zip file C:\local\Temp\zipdeploy\zxilkogg.zip (0.02 MB) to C:\local\Temp\zipdeploy\extracted" date="2025-11-19T12:21:39.907" /><!-- duration: 16ms -->
    <step title="Cleaning up temp folders from previous zip deployments and extracting pushed zip file C:\local\Temp\zipdeploy\zxilkogg.zip (0.02 MB) to C:\local\Temp\zipdeploy\extracted" date="2025-11-19T12:21:39.938" >
      <step title="Extracting 18 entries to C:\local\Temp\zipdeploy\extracted directory" date="2025-11-19T12:21:40.391" >
        <step title="Extracting to C:\local\Temp\zipdeploy\extracted\app.js ..." date="2025-11-19T12:21:40.407" /><!-- duration: 47ms -->
        <step title="Extracting to C:\local\Temp\zipdeploy\extracted\app.js.map ..." date="2025-11-19T12:21:40.469" /><!-- duration: 16ms -->
        <step title="Extracting to C:\local\Temp\zipdeploy\extracted\host.json ..." date="2025-11-19T12:21:40.501" /><!-- duration: 16ms -->
        <step title="Extracting to C:\local\Temp\zipdeploy\extracted\index.js ..." date="2025-11-19T12:21:40.532" /><!-- duration: 47ms -->
        <step title="Extracting to C:\local\Temp\zipdeploy\extracted\index.js.map ..." date="2025-11-19T12:21:40.610" /><!-- duration: 16ms -->
        <step title="Omitting extracting file traces ..." date="2025-11-19T12:21:40.641" /><!-- duration: 31ms -->
        <step title="Extracting to C:\local\Temp\zipdeploy\extracted\functions\track-ab-test.js ..." date="2025-11-19T12:21:40.688" /><!-- duration: 16ms -->
        <step title="Extracting to C:\local\Temp\zipdeploy\extracted\functions\track-ab-test.js.map ..." date="2025-11-19T12:21:40.735" /><!-- duration: 47ms -->
        <step title="Extracting to C:\local\Temp\zipdeploy\extracted\functions\upload.js ..." date="2025-11-19T12:21:40.797" /><!-- duration: 16ms -->
        <step title="Extracting to C:\local\Temp\zipdeploy\extracted\functions\upload.js.map ..." date="2025-11-19T12:21:40.844" /><!-- duration: 31ms -->
      </step><!-- duration: 500ms -->
    </step><!-- duration: 984ms -->
    <step title="Before sending BuildRequestReceived status to /api/updatedeploystatus" date="2025-11-19T12:21:40.938" /><!-- duration: 16ms -->
    <step title="DeploymentManager.Deploy(id:04d462e5b66c4acb91152d0fa3ddebfb)" date="2025-11-19T12:21:40.985" >
      <step title="Collecting changeset information" date="2025-11-19T12:21:41.016" /><!-- duration: 203ms -->
      <step title="Updating submodules" date="2025-11-19T12:21:41.235" >
        <step title="Updating submodules." date="2025-11-19T12:21:41.407" /><!-- duration: 16ms -->
      </step><!-- duration: 219ms -->
      <step title="Preparing deployment for commit id &apos;04d462e5b6&apos;." date="2025-11-19T12:21:41.626" /><!-- duration: 31ms -->
      <step title="Determining deployment builder" date="2025-11-19T12:21:41.797" >
        <step title="Builder is BasicBuilder" date="2025-11-19T12:21:41.813" /><!-- duration: 16ms -->
      </step><!-- duration: 63ms -->
      <step title="Copying SSH keys" date="2025-11-19T12:21:41.938" /><!-- duration: 31ms -->
      <step title="Building" date="2025-11-19T12:21:42.001" >
        <step title="Generating deployment script." date="2025-11-19T12:21:42.172" /><!-- duration: 47ms -->
        <step title="Generating deployment script" date="2025-11-19T12:21:42.235" >
          <step title="Using cached version of the deployment script for command: -y --no-dot-deployment -r &quot;C:\local\Temp\zipdeploy\extracted&quot; -o &quot;C:\home\site\deployments\tools&quot; --basic --sitePath &quot;C:\local\Temp\zipdeploy\extracted&quot;" date="2025-11-19T12:21:42.376" /><!-- duration: 16ms -->
          <step title="Using cached version of deployment script (command: &apos;azure -y --no-dot-deployment -r &quot;C:\local\Temp\zipdeploy\extracted&quot; -o &quot;C:\home\site\deployments\tools&quot; --basic --sitePath &quot;C:\local\Temp\zipdeploy\extracted&quot;&apos;)." date="2025-11-19T12:21:42.438" /><!-- duration: 16ms -->
        </step><!-- duration: 250ms -->
        <step title="Running deployment command..." date="2025-11-19T12:21:42.688" /><!-- duration: 31ms -->
        <step title="Command: &quot;C:\home\site\deployments\tools\deploy.cmd&quot;" date="2025-11-19T12:21:42.751" /><!-- duration: 16ms -->
        <step title="Executing external process" date="2025-11-19T12:21:42.813" type="process" path="starter.cmd" arguments="&quot;C:\home\site\deployments\tools\deploy.cmd&quot;" >
          <step title="Handling Basic Web Site deployment." date="2025-11-19T12:21:43.831" /><!-- duration: 31ms -->
          <step title="Creating app_offline.htm" date="2025-11-19T12:21:44.409" /><!-- duration: 31ms -->
          <step title="KuduSync.NET from: &apos;C:\local\Temp\zipdeploy\extracted&apos; to: &apos;C:\home\site\wwwroot&apos;" date="2025-11-19T12:21:44.487" /><!-- duration: 31ms -->
          <step title="Deleting file: &apos;dist\app.js&apos;" date="2025-11-19T12:21:44.581" /><!-- duration: 16ms -->
          <step title="Deleting file: &apos;dist\app.js.map&apos;" date="2025-11-19T12:21:44.644" /><!-- duration: 16ms -->
          <step title="Deleting file: &apos;dist\index.js&apos;" date="2025-11-19T12:21:44.722" /><!-- duration: 16ms -->
          <step title="Deleting file: &apos;dist\index.js.map&apos;" date="2025-11-19T12:21:44.784" /><!-- duration: 16ms -->
          <step title="Deleting file: &apos;dist\functions\ab-test-old.js&apos;" date="2025-11-19T12:21:44.847" /><!-- duration: 16ms -->
          <step title="Deleting file: &apos;dist\functions\ab-test-old.js.map&apos;" date="2025-11-19T12:21:44.894" /><!-- duration: 31ms -->
          <step title="Deleting file: &apos;dist\functions\ab-test.js&apos;" date="2025-11-19T12:21:44.956" /><!-- duration: 47ms -->
          <step title="Deleting file: &apos;dist\functions\ab-test.js.map&apos;" date="2025-11-19T12:21:45.034" /><!-- duration: 31ms -->
          <step title="Deleting file: &apos;dist\functions\applications.js&apos;" date="2025-11-19T12:21:45.112" /><!-- duration: 16ms -->
          <step title="Deleting file: &apos;dist\functions\applications.js.map&apos;" date="2025-11-19T12:21:45.175" /><!-- duration: 31ms -->
          <step title="Deleting file: &apos;dist\functions\health.js&apos;" date="2025-11-19T12:21:45.253" /><!-- duration: 16ms -->
          <step title="Deleting file: &apos;dist\functions\health.js.map&apos;" date="2025-11-19T12:21:45.347" /><!-- duration: 16ms -->
          <step title="Deleting file: &apos;dist\functions\proxy-ab-test.js&apos;" date="2025-11-19T12:21:45.425" /><!-- duration: 31ms -->
          <step title="Deleting file: &apos;dist\functions\proxy-ab-test.js.map&apos;" date="2025-11-19T12:21:45.503" /><!-- duration: 16ms -->
          <step title="Deleting file: &apos;dist\functions\track-ab-test.js&apos;" date="2025-11-19T12:21:45.566" /><!-- duration: 16ms -->
          <step title="Deleting file: &apos;dist\functions\track-ab-test.js.map&apos;" date="2025-11-19T12:21:45.628" /><!-- duration: 16ms -->
          <step title="Deleting file: &apos;dist\functions\upload.js&apos;" date="2025-11-19T12:21:45.691" /><!-- duration: 16ms -->
          <step title="Deleting file: &apos;dist\functions\upload.js.map&apos;" date="2025-11-19T12:21:45.753" /><!-- duration: 16ms -->
          <step title="Deleting directory: &apos;dist\functions&apos;" date="2025-11-19T12:21:45.816" /><!-- duration: 63ms -->
          <step title="Deleting directory: &apos;dist&apos;" date="2025-11-19T12:21:45.925" /><!-- duration: 16ms -->
          <step title="Copying file: &apos;app.js&apos;" date="2025-11-19T12:21:45.972" /><!-- duration: 31ms -->
          <step title="Copying file: &apos;app.js.map&apos;" date="2025-11-19T12:21:46.034" /><!-- duration: 35ms -->
          <step title="Copying file: &apos;host.json&apos;" date="2025-11-19T12:21:46.097" /><!-- duration: 16ms -->
          <step title="Copying file: &apos;index.js&apos;" date="2025-11-19T12:21:46.159" /><!-- duration: 16ms -->
          <step title="Copying file: &apos;index.js.map&apos;" date="2025-11-19T12:21:46.206" /><!-- duration: 31ms -->
          <step title="Copying file: &apos;package-lock.json&apos;" date="2025-11-19T12:21:46.269" /><!-- duration: 16ms -->
          <step title="Copying file: &apos;package.json&apos;" date="2025-11-19T12:21:46.347" /><!-- duration: 16ms -->
          <step title="Copying file: &apos;functions\ab-test.js&apos;" date="2025-11-19T12:21:46.409" /><!-- duration: 16ms -->
          <step title="Copying file: &apos;functions\ab-test.js.map&apos;" date="2025-11-19T12:21:46.472" /><!-- duration: 31ms -->
          <step title="Copying file: &apos;functions\health.js&apos;" date="2025-11-19T12:21:46.534" /><!-- duration: 31ms -->
          <step title="Copying file: &apos;functions\health.js.map&apos;" date="2025-11-19T12:21:46.597" /><!-- duration: 31ms -->
          <step title="Copying file: &apos;functions\proxy-ab-test.js&apos;" date="2025-11-19T12:21:46.659" /><!-- duration: 16ms -->
          <step title="Copying file: &apos;functions\proxy-ab-test.js.map&apos;" date="2025-11-19T12:21:46.737" /><!-- duration: 16ms -->
          <step title="Copying file: &apos;functions\track-ab-test.js&apos;" date="2025-11-19T12:21:46.784" /><!-- duration: 31ms -->
          <step title="Copying file: &apos;functions\track-ab-test.js.map&apos;" date="2025-11-19T12:21:46.862" /><!-- duration: 16ms -->
          <step title="Copying file: &apos;functions\upload.js&apos;" date="2025-11-19T12:21:46.925" /><!-- duration: 16ms -->
          <step title="Copying file: &apos;functions\upload.js.map&apos;" date="2025-11-19T12:21:47.003" /><!-- duration: 16ms -->
          <step title="Deleting app_offline.htm" date="2025-11-19T12:21:47.066" /><!-- duration: 16ms -->
          <step title="Finished successfully." date="2025-11-19T12:21:47.128" /><!-- duration: 16ms -->
        </step><!-- duration: 4362ms -->
        <step title="Running post deployment command(s)..." date="2025-11-19T12:21:47.331" /><!-- duration: 16ms -->
        <step title="Triggering recycle (preview mode disabled)." date="2025-11-19T12:21:47.550" /><!-- duration: 16ms -->
        <step title="Ignoring FS watcher based recycle request as this is a classic Windows app." date="2025-11-19T12:21:47.597" /><!-- duration: 31ms -->
        <step title="Deployment successful. DEPLOYMENTINFO: deploymentPath = Functions App ZipDeploy. Extract zip. , deployer = GITHUB_ZIP_DEPLOY_FUNCTIONS_V1, os = windows, sku = Dynamic, language = node, siteName = fnt42kldozqahcu, slotName = Production, siteHostName = fnt42kldozqahcu.azurewebsites.net, deploymentStatus = Success" date="2025-11-19T12:21:47.847" /><!-- duration: 31ms -->
        <step title="Purge deployment items" date="2025-11-19T12:21:48.191" >
          <step title="Remove 5d211bf87, Success, received at 11/19/2025 3:01:41 AM" date="2025-11-19T12:21:48.425" /><!-- duration: 31ms -->
        </step><!-- duration: 281ms -->
      </step><!-- duration: 6565ms -->
    </step><!-- duration: 7596ms -->
    <step title="Cleaning up temp files" date="2025-11-19T12:21:48.613" /><!-- duration: 31ms -->
    <step title="Begin HttpPost https://fnt42kldozqahcu.scm.azurewebsites.net/operations/settriggers, x-ms-request-id: 5f20d139-f42d-4500-b859-aad2468739c1" date="2025-11-19T12:21:48.738" /><!-- duration: 31ms -->
    <step title="End HttpPost, status: OK" date="2025-11-19T12:21:49.269" /><!-- duration: 16ms -->
    <step title="Scheduling background sync triggers after delay" date="2025-11-19T12:21:49.300" /><!-- duration: 31ms -->
  </step><!-- duration: 9987ms -->
  <step title="LockFile &apos;C:\home\site\locks\deployments.lock&apos; released" date="2025-11-19T12:21:49.472" /><!-- duration: 16ms -->
</step><!-- duration: 10393ms -->
