<step title="BackgroundTrace" date="2025-11-19T05:03:26.332" instance="4d3849" url="/api/zipdeploy" method="POST" >
  <step title="Updating shutdown sentinel last write time" date="2025-11-19T05:03:26.363" SemaphoreCount="7" /><!-- duration: 31ms -->
  <step title="LockFile &apos;C:\home\site\locks\deployments.lock&apos; acquired" date="2025-11-19T05:03:26.410" /><!-- duration: 16ms -->
  <step title="Creating temporary deployment" date="2025-11-19T05:03:26.441" /><!-- duration: 141ms -->
  <step title="Performing fetch based deployment" date="2025-11-19T05:03:26.613" >
    <step title="Fetching changes." date="2025-11-19T05:03:26.785" /><!-- duration: 31ms -->
    <step title="Starting LocalZipHandler" date="2025-11-19T05:03:26.832" /><!-- duration: 16ms -->
    <step title="Cleaning up temp folders from previous zip deployments and extracting pushed zip file C:\local\Temp\zipdeploy\0xyv2lay.zip (0.03 MB) to C:\local\Temp\zipdeploy\extracted" date="2025-11-19T05:03:26.988" /><!-- duration: 16ms -->
    <step title="Cleaning up temp folders from previous zip deployments and extracting pushed zip file C:\local\Temp\zipdeploy\0xyv2lay.zip (0.03 MB) to C:\local\Temp\zipdeploy\extracted" date="2025-11-19T05:03:27.019" >
      <step title="Renaming extractTargetDirectory(C:\local\Temp\zipdeploy\extracted) to tempDirectory(C:\local\Temp\zipdeploy\nyi4x1sf.g5z)" date="2025-11-19T05:03:27.035" /><!-- duration: 31ms -->
      <step title="Extracting 21 entries to C:\local\Temp\zipdeploy\extracted directory" date="2025-11-19T05:03:27.113" >
        <step title="Extracting to C:\local\Temp\zipdeploy\extracted\dist\app.js ..." date="2025-11-19T05:03:27.144" /><!-- duration: 16ms -->
        <step title="Extracting to C:\local\Temp\zipdeploy\extracted\dist\app.js.map ..." date="2025-11-19T05:03:27.176" /><!-- duration: 31ms -->
        <step title="Extracting to C:\local\Temp\zipdeploy\extracted\dist\index.js ..." date="2025-11-19T05:03:27.223" /><!-- duration: 16ms -->
        <step title="Extracting to C:\local\Temp\zipdeploy\extracted\dist\index.js.map ..." date="2025-11-19T05:03:27.269" /><!-- duration: 16ms -->
        <step title="Extracting to C:\local\Temp\zipdeploy\extracted\dist\functions\ab-test-old.js ..." date="2025-11-19T05:03:27.301" /><!-- duration: 47ms -->
        <step title="Omitting extracting file traces ..." date="2025-11-19T05:03:27.363" /><!-- duration: 16ms -->
        <step title="Extracting to C:\local\Temp\zipdeploy\extracted\dist\functions\upload.js ..." date="2025-11-19T05:03:27.410" /><!-- duration: 31ms -->
        <step title="Extracting to C:\local\Temp\zipdeploy\extracted\dist\functions\upload.js.map ..." date="2025-11-19T05:03:27.457" /><!-- duration: 31ms -->
        <step title="Extracting to C:\local\Temp\zipdeploy\extracted\host.json ..." date="2025-11-19T05:03:27.519" /><!-- duration: 16ms -->
        <step title="Extracting to C:\local\Temp\zipdeploy\extracted\package.json ..." date="2025-11-19T05:03:27.566" /><!-- duration: 16ms -->
        <step title="Extracting to C:\local\Temp\zipdeploy\extracted\package-lock.json ..." date="2025-11-19T05:03:27.629" /><!-- duration: 31ms -->
      </step><!-- duration: 594ms -->
    </step><!-- duration: 719ms -->
    <step title="Before sending BuildRequestReceived status to /api/updatedeploystatus" date="2025-11-19T05:03:27.769" /><!-- duration: 31ms -->
    <step title="DeploymentManager.Deploy(id:008bae9be160486e851e0dce5e037993)" date="2025-11-19T05:03:27.816" >
      <step title="Collecting changeset information" date="2025-11-19T05:03:27.879" /><!-- duration: 193ms -->
      <step title="Updating submodules" date="2025-11-19T05:03:28.098" >
        <step title="Updating submodules." date="2025-11-19T05:03:28.348" /><!-- duration: 16ms -->
      </step><!-- duration: 281ms -->
      <step title="Preparing deployment for commit id &apos;008bae9be1&apos;." date="2025-11-19T05:03:28.566" /><!-- duration: 31ms -->
      <step title="Determining deployment builder" date="2025-11-19T05:03:28.801" >
        <step title="Builder is BasicBuilder" date="2025-11-19T05:03:28.816" /><!-- duration: 16ms -->
      </step><!-- duration: 78ms -->
      <step title="Copying SSH keys" date="2025-11-19T05:03:28.973" /><!-- duration: 31ms -->
      <step title="Building" date="2025-11-19T05:03:29.019" >
        <step title="Generating deployment script." date="2025-11-19T05:03:29.238" /><!-- duration: 31ms -->
        <step title="Generating deployment script" date="2025-11-19T05:03:29.285" >
          <step title="Using cached version of the deployment script for command: -y --no-dot-deployment -r &quot;C:\local\Temp\zipdeploy\extracted&quot; -o &quot;C:\home\site\deployments\tools&quot; --basic --sitePath &quot;C:\local\Temp\zipdeploy\extracted&quot;" date="2025-11-19T05:03:29.379" /><!-- duration: 47ms -->
          <step title="Using cached version of deployment script (command: &apos;azure -y --no-dot-deployment -r &quot;C:\local\Temp\zipdeploy\extracted&quot; -o &quot;C:\home\site\deployments\tools&quot; --basic --sitePath &quot;C:\local\Temp\zipdeploy\extracted&quot;&apos;)." date="2025-11-19T05:03:29.473" /><!-- duration: 31ms -->
        </step><!-- duration: 234ms -->
        <step title="Running deployment command..." date="2025-11-19T05:03:29.754" /><!-- duration: 16ms -->
        <step title="Command: &quot;C:\home\site\deployments\tools\deploy.cmd&quot;" date="2025-11-19T05:03:29.832" /><!-- duration: 16ms -->
        <step title="Executing external process" date="2025-11-19T05:03:29.879" type="process" path="starter.cmd" arguments="&quot;C:\home\site\deployments\tools\deploy.cmd&quot;" >
          <step title="Handling Basic Web Site deployment." date="2025-11-19T05:03:30.910" /><!-- duration: 16ms -->
          <step title="Creating app_offline.htm" date="2025-11-19T05:03:30.973" /><!-- duration: 16ms -->
          <step title="KuduSync.NET from: &apos;C:\local\Temp\zipdeploy\extracted&apos; to: &apos;C:\home\site\wwwroot&apos;" date="2025-11-19T05:03:31.019" /><!-- duration: 16ms -->
          <step title="Deleting file: &apos;functions\ab-test-old.js&apos;" date="2025-11-19T05:03:31.098" /><!-- duration: 16ms -->
          <step title="Deleting file: &apos;functions\ab-test-old.js.map&apos;" date="2025-11-19T05:03:31.160" /><!-- duration: 16ms -->
          <step title="Deleting file: &apos;functions\ab-test.js&apos;" date="2025-11-19T05:03:31.223" /><!-- duration: 16ms -->
          <step title="Deleting file: &apos;functions\ab-test.js.map&apos;" date="2025-11-19T05:03:31.269" /><!-- duration: 31ms -->
          <step title="Deleting file: &apos;functions\applications.js&apos;" date="2025-11-19T05:03:31.348" /><!-- duration: 16ms -->
          <step title="Deleting file: &apos;functions\applications.js.map&apos;" date="2025-11-19T05:03:31.410" /><!-- duration: 16ms -->
          <step title="Deleting file: &apos;functions\health.js&apos;" date="2025-11-19T05:03:31.473" /><!-- duration: 16ms -->
          <step title="Deleting file: &apos;functions\health.js.map&apos;" date="2025-11-19T05:03:31.551" /><!-- duration: 16ms -->
          <step title="Deleting file: &apos;functions\proxy-ab-test.js&apos;" date="2025-11-19T05:03:31.613" /><!-- duration: 16ms -->
          <step title="Deleting file: &apos;functions\proxy-ab-test.js.map&apos;" date="2025-11-19T05:03:31.676" /><!-- duration: 15ms -->
          <step title="Deleting file: &apos;functions\track-ab-test.js&apos;" date="2025-11-19T05:03:31.738" /><!-- duration: 31ms -->
          <step title="Deleting file: &apos;functions\track-ab-test.js.map&apos;" date="2025-11-19T05:03:31.816" /><!-- duration: 16ms -->
          <step title="Deleting file: &apos;functions\upload.js&apos;" date="2025-11-19T05:03:31.879" /><!-- duration: 31ms -->
          <step title="Deleting file: &apos;functions\upload.js.map&apos;" date="2025-11-19T05:03:31.957" /><!-- duration: 16ms -->
          <step title="Deleting directory: &apos;functions&apos;" date="2025-11-19T05:03:32.019" /><!-- duration: 16ms -->
          <step title="Deleting file: &apos;app.js&apos;" date="2025-11-19T05:03:32.098" /><!-- duration: 31ms -->
          <step title="Deleting file: &apos;app.js.map&apos;" date="2025-11-19T05:03:32.176" /><!-- duration: 16ms -->
          <step title="Deleting file: &apos;index.js&apos;" date="2025-11-19T05:03:32.238" /><!-- duration: 16ms -->
          <step title="Deleting file: &apos;index.js.map&apos;" date="2025-11-19T05:03:32.301" /><!-- duration: 16ms -->
          <step title="Copying file: &apos;package.json&apos;" date="2025-11-19T05:03:32.363" /><!-- duration: 16ms -->
          <step title="Copying file: &apos;dist\app.js&apos;" date="2025-11-19T05:03:32.441" /><!-- duration: 16ms -->
          <step title="Copying file: &apos;dist\app.js.map&apos;" date="2025-11-19T05:03:32.519" /><!-- duration: 31ms -->
          <step title="Copying file: &apos;dist\index.js&apos;" date="2025-11-19T05:03:32.582" /><!-- duration: 31ms -->
          <step title="Copying file: &apos;dist\index.js.map&apos;" date="2025-11-19T05:03:32.660" /><!-- duration: 16ms -->
          <step title="Copying file: &apos;dist\functions\ab-test-old.js&apos;" date="2025-11-19T05:03:32.723" /><!-- duration: 31ms -->
          <step title="Copying file: &apos;dist\functions\ab-test-old.js.map&apos;" date="2025-11-19T05:03:32.785" /><!-- duration: 16ms -->
          <step title="Copying file: &apos;dist\functions\ab-test.js&apos;" date="2025-11-19T05:03:32.848" /><!-- duration: 31ms -->
          <step title="Copying file: &apos;dist\functions\ab-test.js.map&apos;" date="2025-11-19T05:03:32.926" /><!-- duration: 16ms -->
          <step title="Copying file: &apos;dist\functions\applications.js&apos;" date="2025-11-19T05:03:32.988" /><!-- duration: 16ms -->
          <step title="Copying file: &apos;dist\functions\applications.js.map&apos;" date="2025-11-19T05:03:33.051" /><!-- duration: 16ms -->
          <step title="Copying file: &apos;dist\functions\health.js&apos;" date="2025-11-19T05:03:33.129" /><!-- duration: 16ms -->
          <step title="Copying file: &apos;dist\functions\health.js.map&apos;" date="2025-11-19T05:03:33.191" /><!-- duration: 16ms -->
          <step title="Copying file: &apos;dist\functions\proxy-ab-test.js&apos;" date="2025-11-19T05:03:33.254" /><!-- duration: 32ms -->
          <step title="Copying file: &apos;dist\functions\proxy-ab-test.js.map&apos;" date="2025-11-19T05:03:33.332" /><!-- duration: 16ms -->
          <step title="Copying file: &apos;dist\functions\track-ab-test.js&apos;" date="2025-11-19T05:03:33.410" /><!-- duration: 31ms -->
          <step title="Copying file: &apos;dist\functions\track-ab-test.js.map&apos;" date="2025-11-19T05:03:33.488" /><!-- duration: 31ms -->
          <step title="Copying file: &apos;dist\functions\upload.js&apos;" date="2025-11-19T05:03:33.551" /><!-- duration: 31ms -->
          <step title="Copying file: &apos;dist\functions\upload.js.map&apos;" date="2025-11-19T05:03:33.629" /><!-- duration: 16ms -->
          <step title="Deleting app_offline.htm" date="2025-11-19T05:03:33.691" /><!-- duration: 16ms -->
          <step title="Finished successfully." date="2025-11-19T05:03:33.754" /><!-- duration: 31ms -->
        </step><!-- duration: 3922ms -->
        <step title="Running post deployment command(s)..." date="2025-11-19T05:03:34.004" /><!-- duration: 31ms -->
        <step title="Triggering recycle (preview mode disabled)." date="2025-11-19T05:03:34.254" /><!-- duration: 16ms -->
        <step title="Ignoring FS watcher based recycle request as this is a classic Windows app." date="2025-11-19T05:03:34.301" /><!-- duration: 16ms -->
        <step title="Deployment successful. DEPLOYMENTINFO: deploymentPath = Functions App ZipDeploy. Extract zip. , deployer = az_cli_functions, os = windows, sku = Dynamic, language = node, siteName = fnt42kldozqahcu, slotName = Production, siteHostName = fnt42kldozqahcu.azurewebsites.net, deploymentStatus = Success" date="2025-11-19T05:03:34.582" /><!-- duration: 16ms -->
        <step title="Purge deployment items" date="2025-11-19T05:03:34.910" >
          <step title="Remove 5fc4f5bc3, Success, received at 11/19/2025 2:46:44 AM" date="2025-11-19T05:03:35.191" /><!-- duration: 31ms -->
        </step><!-- duration: 328ms -->
      </step><!-- duration: 6313ms -->
    </step><!-- duration: 7547ms -->
    <step title="Cleaning up temp files" date="2025-11-19T05:03:35.394" /><!-- duration: 16ms -->
    <step title="Begin HttpPost https://fnt42kldozqahcu.scm.azurewebsites.net/operations/settriggers, x-ms-request-id: 0f7bdfd7-c505-11f0-9b4f-1c792dfc69dd" date="2025-11-19T05:03:35.441" /><!-- duration: 31ms -->
    <step title="End HttpPost, status: OK" date="2025-11-19T05:03:35.551" /><!-- duration: 16ms -->
    <step title="Scheduling background sync triggers after delay" date="2025-11-19T05:03:35.582" /><!-- duration: 31ms -->
  </step><!-- duration: 9094ms -->
  <step title="LockFile &apos;C:\home\site\locks\deployments.lock&apos; released" date="2025-11-19T05:03:35.738" /><!-- duration: 16ms -->
</step><!-- duration: 9469ms -->
