<step title="Incoming Request" date="2025-11-19T05:19:18.790" instance="4d3849" url="/api/zipdeploy?isAsync=true&amp;Deployer=az_cli_functions" method="POST" type="request" pid="3568,2,8" Cache-Control="no-cache" Content-Length="31027" Content-Type="application/octet-stream" Accept="*/*" Accept-Encoding="gzip, deflate" Authorization="Bas..." Host="fnt42kldozqahcu.scm.azurewebsites.net" User-Agent="AZURECLI/2.54.0 (MSI)" x-ms-client-request-id="477125ac-c507-11f0-990b-1c792dfc69dd" X-ARR-LOG-ID="477125ac-c507-11f0-990b-1c792dfc69dd" CLIENT-IP="159.196.168.42:13894" X-SITE-DEPLOYMENT-ID="fnt42kldozqahcu" WAS-DEFAULT-HOSTNAME="fnt42kldozqahcu.scm.azurewebsites.net" X-Forwarded-Proto="https" X-AppService-Proto="https" X-Forwarded-TlsVersion="1.3" X-WAWS-Unencoded-URL="/api/zipdeploy?isAsync=true&amp;Deployer=az_cli_functions" >
  <step title="ZipPushDeploy" date="2025-11-19T05:19:19.228" >
    <step title="Functions App ZipDeploy. Extract zip. " date="2025-11-19T05:19:19.259" /><!-- duration: 47ms -->
    <step title="Starting PushDeployAsync" date="2025-11-19T05:19:19.322" /><!-- duration: 31ms -->
    <step title="Updating shutdown sentinel last write time" date="2025-11-19T05:19:19.447" SemaphoreCount="7" /><!-- duration: 16ms -->
    <step title="LockFile &apos;C:\home\site\locks\deployments.lock&apos; acquired" date="2025-11-19T05:19:19.494" /><!-- duration: 16ms -->
    <step title="Saving request content to C:\local\Temp\zipdeploy\lh3spimr.zip" date="2025-11-19T05:19:19.525" >
      <step title="Total 31,027 bytes written to C:\local\Temp\zipdeploy\lh3spimr.zip" date="2025-11-19T05:19:19.587" /><!-- duration: 31ms -->
    </step><!-- duration: 109ms -->
    <step title="LockFile &apos;C:\home\site\locks\deployments.lock&apos; released" date="2025-11-19T05:19:19.681" /><!-- duration: 31ms -->
    <step title="Deleting shutdown sentinel file" date="2025-11-19T05:19:19.744" SemaphoreCount="8" /><!-- duration: 16ms -->
    <step title="Starting FetchDeploy" date="2025-11-19T05:19:19.791" /><!-- duration: 31ms -->
    <step title="Start deployment in the background" date="2025-11-19T05:19:19.837" /><!-- duration: 563ms -->
  </step><!-- duration: 1187ms -->
  <step title="Outgoing response" date="2025-11-19T05:19:20.494" type="response" statusCode="202" statusText="Accepted" Server="Microsoft-IIS/10.0" x-ms-request-id="477125ac-c507-11f0-990b-1c792dfc69dd" Retry-After="30" Cache-Control="private" X-AspNet-Version="4.0.30319" Location="https://fnt42kldozqahcu.scm.azurewebsites.net/api/deployments/latest?deployer=az_cli_functions&amp;time=2025-11-19_05-19-20Z" /><!-- duration: 31ms -->
<step title="Starting LocalZipFetch" date="2025-11-19T05:19:20.572" instance="4d3849" /><!-- duration: 109ms -->
