<step title="Incoming Request" date="2025-11-19T05:03:25.676" instance="4d3849" url="/api/zipdeploy?isAsync=true&amp;Deployer=az_cli_functions" method="POST" type="request" pid="952,2,9" Cache-Control="no-cache" Content-Length="31027" Content-Type="application/octet-stream" Accept="*/*" Accept-Encoding="gzip, deflate" Authorization="Bas..." Host="fnt42kldozqahcu.scm.azurewebsites.net" User-Agent="AZURECLI/2.54.0 (MSI)" x-ms-client-request-id="0f7bdfd7-c505-11f0-9b4f-1c792dfc69dd" X-ARR-LOG-ID="0f7bdfd7-c505-11f0-9b4f-1c792dfc69dd" CLIENT-IP="159.196.168.42:14271" X-SITE-DEPLOYMENT-ID="fnt42kldozqahcu" WAS-DEFAULT-HOSTNAME="fnt42kldozqahcu.scm.azurewebsites.net" X-Forwarded-Proto="https" X-AppService-Proto="https" X-Forwarded-TlsVersion="1.3" X-WAWS-Unencoded-URL="/api/zipdeploy?isAsync=true&amp;Deployer=az_cli_functions" >
  <step title="Cleanup Xml Logs" date="2025-11-19T05:03:25.691" /><!-- duration: 31ms -->
  <step title="ZipPushDeploy" date="2025-11-19T05:03:25.785" >
    <step title="Functions App ZipDeploy. Extract zip. " date="2025-11-19T05:03:25.801" /><!-- duration: 31ms -->
    <step title="Starting PushDeployAsync" date="2025-11-19T05:03:25.863" /><!-- duration: 16ms -->
    <step title="Updating shutdown sentinel last write time" date="2025-11-19T05:03:25.926" SemaphoreCount="7" /><!-- duration: 31ms -->
    <step title="LockFile &apos;C:\home\site\locks\deployments.lock&apos; acquired" date="2025-11-19T05:03:25.988" /><!-- duration: 31ms -->
    <step title="Saving request content to C:\local\Temp\zipdeploy\0xyv2lay.zip" date="2025-11-19T05:03:26.035" >
      <step title="Total 31,027 bytes written to C:\local\Temp\zipdeploy\0xyv2lay.zip" date="2025-11-19T05:03:26.066" /><!-- duration: 31ms -->
    </step><!-- duration: 78ms -->
    <step title="LockFile &apos;C:\home\site\locks\deployments.lock&apos; released" date="2025-11-19T05:03:26.144" /><!-- duration: 31ms -->
    <step title="Deleting shutdown sentinel file" date="2025-11-19T05:03:26.223" SemaphoreCount="8" /><!-- duration: 31ms -->
    <step title="Starting FetchDeploy" date="2025-11-19T05:03:26.269" /><!-- duration: 31ms -->
    <step title="Start deployment in the background" date="2025-11-19T05:03:26.316" /><!-- duration: 297ms -->
  </step><!-- duration: 844ms -->
  <step title="Outgoing response" date="2025-11-19T05:03:26.644" type="response" statusCode="202" statusText="Accepted" Server="Microsoft-IIS/10.0" x-ms-request-id="0f7bdfd7-c505-11f0-9b4f-1c792dfc69dd" Retry-After="30" Cache-Control="private" X-AspNet-Version="4.0.30319" Location="https://fnt42kldozqahcu.scm.azurewebsites.net/api/deployments/latest?deployer=az_cli_functions&amp;time=2025-11-19_05-03-26Z" /><!-- duration: 33ms -->
</step><!-- duration: 1016ms -->
