<step title="Incoming Request" date="2025-11-19T12:41:14.219" instance="aa70e5" url="/api/zipdeploy?isAsync=true&amp;Deployer=az_cli_functions" method="POST" type="request" pid="7980,2,12" Cache-Control="no-cache" Content-Length="30847" Content-Type="application/octet-stream" Accept="*/*" Accept-Encoding="gzip, deflate" Authorization="Bas..." Host="fnt42kldozqahcu.scm.azurewebsites.net" User-Agent="AZURECLI/2.54.0 (MSI)" x-ms-client-request-id="04b7d1b3-c545-11f0-b503-1c792dfc69dd" X-ARR-LOG-ID="04b7d1b3-c545-11f0-b503-1c792dfc69dd" CLIENT-IP="159.196.168.42:14056" X-SITE-DEPLOYMENT-ID="fnt42kldozqahcu" WAS-DEFAULT-HOSTNAME="fnt42kldozqahcu.scm.azurewebsites.net" X-Forwarded-Proto="https" X-AppService-Proto="https" X-Forwarded-TlsVersion="1.3" X-WAWS-Unencoded-URL="/api/zipdeploy?isAsync=true&amp;Deployer=az_cli_functions" >
  <step title="Cleanup Xml Logs" date="2025-11-19T12:41:14.235" /><!-- duration: 47ms -->
  <step title="ZipPushDeploy" date="2025-11-19T12:41:14.328" >
    <step title="Functions App ZipDeploy. Extract zip. " date="2025-11-19T12:41:14.344" /><!-- duration: 31ms -->
    <step title="Starting PushDeployAsync" date="2025-11-19T12:41:14.391" /><!-- duration: 16ms -->
    <step title="Updating shutdown sentinel last write time" date="2025-11-19T12:41:14.469" SemaphoreCount="7" /><!-- duration: 16ms -->
    <step title="LockFile &apos;C:\home\site\locks\deployments.lock&apos; acquired" date="2025-11-19T12:41:14.563" /><!-- duration: 31ms -->
    <step title="Saving request content to C:\local\Temp\zipdeploy\kt0ct01p.zip" date="2025-11-19T12:41:14.609" >
      <step title="Total 30,847 bytes written to C:\local\Temp\zipdeploy\kt0ct01p.zip" date="2025-11-19T12:41:14.641" /><!-- duration: 16ms -->
    </step><!-- duration: 63ms -->
    <step title="LockFile &apos;C:\home\site\locks\deployments.lock&apos; released" date="2025-11-19T12:41:14.703" /><!-- duration: 16ms -->
    <step title="Deleting shutdown sentinel file" date="2025-11-19T12:41:14.750" SemaphoreCount="8" /><!-- duration: 16ms -->
    <step title="Starting FetchDeploy" date="2025-11-19T12:41:14.781" /><!-- duration: 31ms -->
    <step title="Start deployment in the background" date="2025-11-19T12:41:14.828" /><!-- duration: 281ms -->
  </step><!-- duration: 797ms -->
  <step title="Outgoing response" date="2025-11-19T12:41:15.141" type="response" statusCode="202" statusText="Accepted" Server="Microsoft-IIS/10.0" x-ms-request-id="04b7d1b3-c545-11f0-b503-1c792dfc69dd" Retry-After="30" Cache-Control="private" X-AspNet-Version="4.0.30319" Location="https://fnt42kldozqahcu.scm.azurewebsites.net/api/deployments/latest?deployer=az_cli_functions&amp;time=2025-11-19_12-41-15Z" /><!-- duration: 16ms -->
</step><!-- duration: 953ms -->
