<step title="Incoming Request" date="2025-11-19T12:55:24.602" instance="aa70e5" url="/api/zipdeploy?isAsync=true&amp;Deployer=az_cli_functions" method="POST" type="request" pid="7980,2,9" Cache-Control="no-cache" Content-Length="12502188" Content-Type="application/octet-stream" Accept="*/*" Accept-Encoding="gzip, deflate" Authorization="Bas..." Host="fnt42kldozqahcu.scm.azurewebsites.net" User-Agent="AZURECLI/2.54.0 (MSI)" x-ms-client-request-id="ffbd221b-c546-11f0-b01b-1c792dfc69dd" X-ARR-LOG-ID="ffbd221b-c546-11f0-b01b-1c792dfc69dd" CLIENT-IP="159.196.168.42:13828" X-SITE-DEPLOYMENT-ID="fnt42kldozqahcu" WAS-DEFAULT-HOSTNAME="fnt42kldozqahcu.scm.azurewebsites.net" X-Forwarded-Proto="https" X-AppService-Proto="https" X-Forwarded-TlsVersion="1.3" X-WAWS-Unencoded-URL="/api/zipdeploy?isAsync=true&amp;Deployer=az_cli_functions" >
  <step title="Cleanup Xml Logs" date="2025-11-19T12:55:24.618" /><!-- duration: 31ms -->
  <step title="ZipPushDeploy" date="2025-11-19T12:55:24.696" >
    <step title="Functions App ZipDeploy. Extract zip. " date="2025-11-19T12:55:24.712" /><!-- duration: 16ms -->
    <step title="Starting PushDeployAsync" date="2025-11-19T12:55:24.759" /><!-- duration: 16ms -->
    <step title="Updating shutdown sentinel last write time" date="2025-11-19T12:55:24.821" SemaphoreCount="7" /><!-- duration: 16ms -->
    <step title="LockFile &apos;C:\home\site\locks\deployments.lock&apos; acquired" date="2025-11-19T12:55:24.868" /><!-- duration: 31ms -->
    <step title="Saving request content to C:\local\Temp\zipdeploy\llqcynrj.zip" date="2025-11-19T12:55:24.915" >
      <step title="Total 12,502,188 bytes written to C:\local\Temp\zipdeploy\llqcynrj.zip" date="2025-11-19T12:55:30.399" /><!-- duration: 31ms -->
    </step><!-- duration: 5531ms -->
    <step title="LockFile &apos;C:\home\site\locks\deployments.lock&apos; released" date="2025-11-19T12:55:30.477" /><!-- duration: 16ms -->
    <step title="Deleting shutdown sentinel file" date="2025-11-19T12:55:30.540" SemaphoreCount="8" /><!-- duration: 16ms -->
    <step title="Starting FetchDeploy" date="2025-11-19T12:55:30.587" /><!-- duration: 16ms -->
    <step title="Start deployment in the background" date="2025-11-19T12:55:30.634" /><!-- duration: 281ms -->
  </step><!-- duration: 6234ms -->
  <step title="Outgoing response" date="2025-11-19T12:55:30.946" type="response" statusCode="202" statusText="Accepted" Server="Microsoft-IIS/10.0" x-ms-request-id="ffbd221b-c546-11f0-b01b-1c792dfc69dd" Retry-After="30" Cache-Control="private" X-AspNet-Version="4.0.30319" Location="https://fnt42kldozqahcu.scm.azurewebsites.net/api/deployments/latest?deployer=az_cli_functions&amp;time=2025-11-19_12-55-30Z" /><!-- duration: 16ms -->
</step><!-- duration: 6391ms -->
