﻿<?xml version="1.0" encoding="utf-8"?>
<deployment>
  <id>ef6d87fd472b49c0bd0aa8b4f3a88dfa</id>
  <author>N/A</author>
  <deployer>az_cli_functions</deployer>
  <authorEmail>N/A</authorEmail>
  <message>Created via a push deployment</message>
  <progress></progress>
  <status>Success</status>
  <statusText></statusText>
  <lastSuccessEndTime>2025-11-19T05:19:25.1099541Z</lastSuccessEndTime>
  <receivedTime>2025-11-19T05:19:21.6816279Z</receivedTime>
  <startTime>2025-11-19T05:19:22.3378927Z</startTime>
  <endTime>2025-11-19T05:19:25.1099541Z</endTime>
  <complete>True</complete>
  <is_temp>False</is_temp>
  <is_readonly>True</is_readonly>
  <project_type>BASIC</project_type>
  <vsproject_id></vsproject_id>
</deployment>