{"TimeStamp":"2025-11-19T13:04:00Z","SiteName":"fnt42kldozqahcu","RequestId":"ffbd221b-c546-11f0-b01b-1c792dfc69dd","Kind":"az_cli_functions","Status":"Success","Details":"{\"Id\":\"685947dd699748c68c21573c11969a6e\",\"Status\":4,\"StatusText\":\"\",\"AuthorEmail\":\"N/A\",\"Author\":\"N/A\",\"Message\":\"Created via a push deployment\",\"Progress\":\"\",\"Deployer\":\"az_cli_functions\",\"ReceivedTime\":\"2025-11-19T12:55:43.3010682Z\",\"StartTime\":\"2025-11-19T12:55:43.9573187Z\",\"EndTime\":\"2025-11-19T13:04:00.271882Z\",\"LastSuccessEndTime\":\"2025-11-19T13:04:00.271882Z\",\"Complete\":true,\"IsTemporary\":false,\"IsReadOnly\":true,\"SiteName\":\"fnt42kldozqahcu\",\"HostName\":\"fnt42kldozqahcu.scm.azurewebsites.net\",\"ProjectType\":\"BASIC\",\"VsProjectId\":null}"}