{
  "version": "2.0",
  "logging": {
    "applicationInsights": {
      "samplingSettings": {
        "isEnabled": true,
        "maxTelemetryItemsPerSecond": 20
      }
    },
    "logLevel": {
      "default": "Information"
    }
  },
  "extensionBundle": {
    "id": "Microsoft.Azure.Functions.ExtensionBundle",
    "version": "[4.*, 5.0.0)"
  },
  "extensions": {
    "http": {
      "routePrefix": "api"
    }
  },
  "cors": {
    "allowedOrigins": [
      "https://bloom.life-psychology.com.au",
      "http://localhost:5173",
      "http://localhost:4280"
    ],
    "supportCredentials": false
  }
}
