﻿<?xml version="1.0" encoding="utf-8"?>
<deployment>
  <id>33ba2f9ac9e742dc8b5dd643454be07d</id>
  <author>N/A</author>
  <deployer>az_cli_functions</deployer>
  <authorEmail>N/A</authorEmail>
  <message>Created via a push deployment</message>
  <progress></progress>
  <status>Success</status>
  <statusText></statusText>
  <lastSuccessEndTime>2025-11-19T04:50:57.7754046Z</lastSuccessEndTime>
  <receivedTime>2025-11-19T04:50:51.8536973Z</receivedTime>
  <startTime>2025-11-19T04:50:52.4941051Z</startTime>
  <endTime>2025-11-19T04:50:57.7754046Z</endTime>
  <complete>True</complete>
  <is_temp>False</is_temp>
  <is_readonly>True</is_readonly>
  <project_type>BASIC</project_type>
  <vsproject_id></vsproject_id>
</deployment>