﻿<?xml version="1.0" encoding="utf-8"?>
<deployment>
  <id>391b25425bd24b389ba396a6cbb27952</id>
  <author>N/A</author>
  <deployer>az_cli_functions</deployer>
  <authorEmail>N/A</authorEmail>
  <message>Created via a push deployment</message>
  <progress></progress>
  <status>Success</status>
  <statusText></statusText>
  <lastSuccessEndTime>2025-11-19T12:44:02.7813685Z</lastSuccessEndTime>
  <receivedTime>2025-11-19T12:43:57.9532682Z</receivedTime>
  <startTime>2025-11-19T12:43:58.593889Z</startTime>
  <endTime>2025-11-19T12:44:02.7813685Z</endTime>
  <complete>True</complete>
  <is_temp>False</is_temp>
  <is_readonly>True</is_readonly>
  <project_type>BASIC</project_type>
  <vsproject_id></vsproject_id>
</deployment>