Day,Start Hour,Conv. value / cost
Sunday,12 AM,0.00
Sunday,1 AM,0.00
Sunday,2 AM,0.00
Sunday,3 AM,0.00
Sunday,4 AM,0.00
Sunday,5 AM,0.00
Sunday,6 AM,0.00
Sunday,7 AM,0.00
Sunday,8 AM,9.78
Sunday,9 AM,0.00
Sunday,10 AM,0.00
Sunday,11 AM,0.00
Sunday,12 PM,0.00
Sunday,1 PM,0.00
Sunday,2 PM,4.78
Sunday,3 PM,0.00
Sunday,4 PM,0.00
Sunday,5 PM,0.00
Sunday,6 PM,0.00
Sunday,7 PM,0.00
Sunday,8 PM,0.00
Sunday,9 PM,0.00
Sunday,10 PM,0.00
Sunday,11 PM,0.00
Monday,12 AM,0.00
Monday,1 AM,0.00
Monday,2 AM,0.00
Monday,3 AM,0.00
Monday,4 AM,0.00
Monday,5 AM,0.00
Monday,6 AM,0.00
Monday,7 AM,1.85
Monday,8 AM,4.35
Monday,9 AM,0.00
Monday,10 AM,0.00
Monday,11 AM,0.00
Monday,12 PM,3.79
Monday,1 PM,0.00
Monday,2 PM,0.00
Monday,3 PM,0.00
Monday,4 PM,0.00
Monday,5 PM,0.00
Monday,6 PM,0.00
Monday,7 PM,0.00
Monday,8 PM,0.00
Monday,9 PM,0.00
Monday,10 PM,0.00
Monday,11 PM,0.00
Tuesday,12 AM,0.00
Tuesday,1 AM,0.00
Tuesday,2 AM,0.00
Tuesday,3 AM,0.00
Tuesday,4 AM,0.00
Tuesday,5 AM,0.00
Tuesday,6 AM,0.00
Tuesday,7 AM,0.00
Tuesday,8 AM,3.12
Tuesday,9 AM,0.00
Tuesday,10 AM,0.00
Tuesday,11 AM,4.32
Tuesday,12 PM,10.63
Tuesday,1 PM,0.00
Tuesday,2 PM,1.72
Tuesday,3 PM,0.00
Tuesday,4 PM,0.00
Tuesday,5 PM,3.54
Tuesday,6 PM,0.00
Tuesday,7 PM,7.03
Tuesday,8 PM,0.00
Tuesday,9 PM,0.00
Tuesday,10 PM,0.00
Tuesday,11 PM,0.00
Wednesday,12 AM,0.00
Wednesday,1 AM,0.00
Wednesday,2 AM,0.00
Wednesday,3 AM,0.00
Wednesday,4 AM,0.00
Wednesday,5 AM,0.00
Wednesday,6 AM,4.55
Wednesday,7 AM,0.00
Wednesday,8 AM,0.00
Wednesday,9 AM,0.00
Wednesday,10 AM,2.30
Wednesday,11 AM,6.94
Wednesday,12 PM,0.00
Wednesday,1 PM,2.56
Wednesday,2 PM,5.28
Wednesday,3 PM,0.00
Wednesday,4 PM,0.00
Wednesday,5 PM,0.00
Wednesday,6 PM,0.00
Wednesday,7 PM,0.00
Wednesday,8 PM,0.00
Wednesday,9 PM,0.00
Wednesday,10 PM,0.00
Wednesday,11 PM,0.00
Thursday,12 AM,0.00
Thursday,1 AM,0.00
Thursday,2 AM,0.00
Thursday,3 AM,0.00
Thursday,4 AM,0.00
Thursday,5 AM,0.00
Thursday,6 AM,0.00
Thursday,7 AM,2.08
Thursday,8 AM,0.00
Thursday,9 AM,2.23
Thursday,10 AM,1.57
Thursday,11 AM,0.00
Thursday,12 PM,0.00
Thursday,1 PM,3.63
Thursday,2 PM,10.65
Thursday,3 PM,0.00
Thursday,4 PM,0.00
Thursday,5 PM,0.00
Thursday,6 PM,0.00
Thursday,7 PM,6.76
Thursday,8 PM,0.00
Thursday,9 PM,0.00
Thursday,10 PM,0.00
Thursday,11 PM,0.00
Friday,12 AM,0.00
Friday,1 AM,0.00
Friday,2 AM,0.00
Friday,3 AM,0.00
Friday,4 AM,0.00
Friday,5 AM,0.00
Friday,6 AM,0.00
Friday,7 AM,0.00
Friday,8 AM,0.00
Friday,9 AM,0.00
Friday,10 AM,0.00
Friday,11 AM,0.00
Friday,12 PM,0.00
Friday,1 PM,7.70
Friday,2 PM,0.00
Friday,3 PM,0.00
Friday,4 PM,0.00
Friday,5 PM,0.00
Friday,6 PM,0.00
Friday,7 PM,0.00
Friday,8 PM,0.00
Friday,9 PM,0.00
Friday,10 PM,0.00
Friday,11 PM,0.00
Saturday,12 AM,0.00
Saturday,1 AM,0.00
Saturday,2 AM,0.00
Saturday,3 AM,0.00
Saturday,4 AM,0.00
Saturday,5 AM,0.00
Saturday,6 AM,0.00
Saturday,7 AM,0.00
Saturday,8 AM,0.00
Saturday,9 AM,0.00
Saturday,10 AM,0.00
Saturday,11 AM,0.00
Saturday,12 PM,0.00
Saturday,1 PM,13.25
Saturday,2 PM,0.00
Saturday,3 PM,0.00
Saturday,4 PM,0.00
Saturday,5 PM,0.00
Saturday,6 PM,0.00
Saturday,7 PM,0.00
Saturday,8 PM,0.00
Saturday,9 PM,0.00
Saturday,10 PM,0.00
Saturday,11 PM,0.00
