Word,Cost,Clicks,Impressions,Conversions,Top Containing Queries
newcastle,A$434.56,61,481,0.00,"(psychologist newcastle, couples therapy newcastle, marriage counselling newcastle)"
psychologist,A$332.51,42,428,0.00,"(psychologist newcastle, psychologist, psychologist near me)"
counselling,A$211.40,35,169,0.00,"(marriage counselling newcastle, couples counselling newcastle, relationship counselling newcastle)"
couples,A$175.30,28,158,0.00,"(couples therapy newcastle, couples counselling newcastle, couples counselling lake macquarie)"
near me,A$170.19,25,105,0.00,"(psychologist near me, bulk billed therapist near me, clinical psychologist near me)"
therapy,A$161.99,22,144,0.00,"(couples therapy newcastle, couples therapy, couples therapy near me)"
adhd,A$95.32,18,40,0.00,"(how to get diagnosed with adhd, adhd therapist newcastle, how do i get tested for adhd)"
marriage,A$87.19,16,43,0.00,"(marriage counselling newcastle, marriage counselling, marriage counselling lake macquarie)"
mental,A$70.45,12,47,0.00,"(getting mental health help for a family member, medicare mental health, mental breakdown)"
how,A$48.61,11,27,0.00,"(how to get diagnosed with adhd, how do i get tested for adhd, how can i get my confidence back)"
mental health,A$61.75,10,43,0.00,"(getting mental health help for a family member, medicare mental health, mental health gp newcastle)"
relationship,A$68.55,9,54,0.00,"(relationship counselling newcastle, relationship counselling, counselling for relationship issues)"
for,A$47.01,9,14,0.00,"(how do i get tested for adhd, best type of therapy for adhd, counselling for relationship issues)"
therapist,A$47.52,8,21,0.00,"(adhd therapist newcastle, bulk billed therapist near me, therapist newcastle)"
get,A$37.93,7,21,0.00,"(how to get diagnosed with adhd, how do i get tested for adhd, how can i get my confidence back)"
how to,A$28.64,7,20,0.00,"(how to get diagnosed with adhd, how to ask doctor for adhd evaluation, how to be diagnosed with adhd as an adult)"
lake macquarie,A$18.82,5,9,0.00,"(couples counselling lake macquarie, marriage counselling lake macquarie)"
help,A$18.65,5,5,0.00,"(getting mental health help for a family member, help for depression, mental health help newcastle)"
anxiety,A$26.92,5,9,0.00,"(death anxiety, anxiety expert near me, anxiety medication)"
diagnosed with,A$27.76,5,15,0.00,"(how to get diagnosed with adhd, getting diagnosed with adhd in australia, how to be diagnosed with adhd as an adult)"
psychology,A$10.71,5,12,0.00,"(psychology warners bay, life psychology, newcastle psychology)"
australia,A$21.30,4,5,0.00,"(ocd treatment australia, getting diagnosed with adhd in australia, how to diagnose adhd in adults australia)"
i,A$22.18,4,9,0.00,"(how do i get tested for adhd, how can i get my confidence back, i hate my life)"
ocd,A$9.96,3,3,0.00,"(ocd treatment australia, ocd psychologist newcastle)"
bay,A$7.72,3,3,0.00,(psychology warners bay)
warners,A$7.72,3,3,0.00,(psychology warners bay)
adhd in,A$27.74,3,9,0.00,"(adhd in women, getting diagnosed with adhd in australia, how to diagnose adhd in adults australia)"
a,A$10.32,3,3,0.00,"(price of a psychologist, getting mental health help for a family member)"
counseling,A$12.88,3,5,0.00,"(couples counseling newcastle, lgbtq relationship counseling near me, marriage counseling)"
tested for,A$24.04,3,8,0.00,"(how do i get tested for adhd, how to get tested for bipolar)"
clinical psychologist,A$21.37,3,17,0.00,"(clinical psychologist near me, clinical psychologist)"
bulk billed,A$22.77,3,7,0.00,"(bulk billed therapist near me, bulk billed psychologist)"
my,A$12.33,3,7,0.00,"(how can i get my confidence back, i hate my life, my anxiety is ruining my life)"
support,A$7.72,3,5,0.00,"(adult adhd support, mental health support newcastle, mental help support)"
life,A$12.09,3,8,0.00,"(i hate my life, life psychology, my anxiety is ruining my life)"
of,A$17.72,3,3,0.00,"(price of a psychologist, best type of therapy for adhd)"
depression,A$6.05,3,3,0.00,"(adhd and depression, forum for depression, help for depression)"
price,A$8.40,2,2,0.00,(price of a psychologist)
adult,A$4.62,2,3,0.00,"(adult adhd support, how to be diagnosed with adhd as an adult)"
treatment,A$6.56,2,2,0.00,(ocd treatment australia)
ptsd,A$9.54,2,1,0.00,(ptsd counselling near me)
hummingbird centre,A$8.85,2,15,0.00,"(hummingbird centre, hummingbird centre newcastle)"
do,A$15.42,2,3,0.00,(how do i get tested for adhd)
couple therapy,A$13.48,2,12,0.00,"(couple therapy, couple therapy newcastle)"
female,A$11.28,2,19,0.00,(female psychologist newcastle)
newcastle nsw,A$12.71,2,12,0.00,"(couples therapy newcastle nsw, psychiatrists newcastle nsw)"
new,A$7.99,2,14,0.00,(new psych newcastle)
parramatta,A$8.96,2,1,0.00,(marriage counselling parramatta)
death,A$14.56,2,1,0.00,(death anxiety)
best,A$15.59,2,2,0.00,"(best marriage counsellor, best type of therapy for adhd)"
getting,A$14.21,2,3,0.00,"(getting diagnosed with adhd in australia, getting mental health help for a family member)"
psych,A$7.99,2,14,0.00,(new psych newcastle)
expert,A$2.58,1,1,0.00,(anxiety expert near me)
psychological,A$9.26,1,1,0.00,(psychological counselling)
type,A$9.32,1,1,0.00,(best type of therapy for adhd)
issues,A$5.45,1,1,0.00,(counselling for relationship issues)
lee,A$3.73,1,2,0.00,(lee sturgeon psychologist)
broadmeadow,A$2.95,1,5,0.00,(psychologist broadmeadow)
evaluation,A$2.10,1,1,0.00,(how to ask doctor for adhd evaluation)
psychiatric,A$5.71,1,1,0.00,(psychiatric help)
ruining,A$5.57,1,1,0.00,(my anxiety is ruining my life)
counsellor,A$6.27,1,1,0.00,(best marriage counsellor)
psychiatrists,A$6.63,1,8,0.00,(psychiatrists newcastle nsw)
charlestown,A$11.47,1,14,0.00,(psychologist charlestown)
hate,A$5.32,1,4,0.00,(i hate my life)
newpsych,A$2.09,1,15,0.00,(newpsych newcastle)
lgbtq,A$7.18,1,2,0.00,(lgbtq relationship counseling near me)
is,A$5.57,1,1,0.00,(my anxiety is ruining my life)
an,A$3.02,1,2,0.00,(how to be diagnosed with adhd as an adult)
as,A$3.02,1,2,0.00,(how to be diagnosed with adhd as an adult)
doctors,A$4.37,1,2,0.00,(adhd doctors near me)
much,A$3.11,1,2,0.00,(how much does therapy cost)
male,A$3.64,1,3,0.00,(male psychologist newcastle)
women,A$13.00,1,6,0.00,(adhd in women)
be,A$3.02,1,2,0.00,(how to be diagnosed with adhd as an adult)
ward,A$4.40,1,2,0.00,(mental health ward)
gottman,A$3.80,1,1,0.00,(gottman relationship therapy)
does,A$3.11,1,2,0.00,(how much does therapy cost)
member,A$1.92,1,1,0.00,(getting mental health help for a family member)
violence,A$2.56,1,2,0.00,(domestic violence psychologist near me)
therapists,A$4.65,1,1,0.00,(neurodivergent therapists near me)
sturgeon,A$3.73,1,2,0.00,(lee sturgeon psychologist)
diagnose,A$2.45,1,1,0.00,(how to diagnose adhd in adults australia)
ask,A$2.10,1,1,0.00,(how to ask doctor for adhd evaluation)
counsellors,A$21.82,1,7,0.00,(counsellors near me)
cynthia,A$2.13,1,1,0.00,(dr cynthia parker)
anger,A$4.86,1,7,0.00,(anger management)
hamilton,A$7.55,1,3,0.00,(psychologist hamilton)
dr,A$2.13,1,1,0.00,(dr cynthia parker)
domestic,A$2.56,1,2,0.00,(domestic violence psychologist near me)
psychologists,A$12.48,1,8,0.00,(newcastle psychologists)
specialist,A$4.74,1,3,0.00,(adhd specialist psychologist)
parker,A$2.13,1,1,0.00,(dr cynthia parker)
private,A$14.84,1,2,0.00,(private mental health hospital newcastle)
neurodivergent,A$4.65,1,1,0.00,(neurodivergent therapists near me)
line,A$2.47,1,12,0.00,(mental health line)
adults,A$2.45,1,1,0.00,(how to diagnose adhd in adults australia)
breakdown,A$5.44,1,3,0.00,(mental breakdown)
back,A$1.44,1,2,0.00,(how can i get my confidence back)
can,A$1.44,1,2,0.00,(how can i get my confidence back)
and,A$1.87,1,1,0.00,(adhd and depression)
hospital,A$14.84,1,2,0.00,(private mental health hospital newcastle)
cost,A$3.11,1,2,0.00,(how much does therapy cost)
confidence,A$1.44,1,2,0.00,(how can i get my confidence back)
gp,A$15.92,1,2,0.00,(mental health gp newcastle)
medication,A$4.21,1,6,0.00,(anxiety medication)
autism,A$4.85,1,2,0.00,(autism psychologist newcastle)
forum,A$1.45,1,1,0.00,(forum for depression)
doctor,A$2.10,1,1,0.00,(how to ask doctor for adhd evaluation)
cbt,A$5.51,1,2,0.00,(cbt therapy newcastle)
management,A$4.86,1,7,0.00,(anger management)
bipolar,A$8.62,1,5,0.00,(how to get tested for bipolar)
family,A$1.92,1,1,0.00,(getting mental health help for a family member)
medicare,A$6.62,1,4,0.00,(medicare mental health)
