Search,Cost,Clicks,Impressions,Conversions
psychologist newcastle,A$110.05,9,134,0.00
couples therapy newcastle,A$58.90,8,65,0.00
psychologist,A$64.41,7,136,0.00
marriage counselling newcastle,A$36.40,6,23,0.00
psychologist near me,A$49.98,6,52,0.00
couples counselling newcastle,A$31.52,5,40,0.00
relationship counselling newcastle,A$29.12,4,36,0.00
couples counselling lake macquarie,A$8.72,3,6,0.00
couples therapy,A$30.93,3,19,0.00
how to get diagnosed with adhd,A$12.45,3,11,0.00
marriage counselling,A$17.39,3,5,0.00
psychology warners bay,A$7.72,3,3,0.00
adhd therapist newcastle,A$8.86,2,3,0.00
bulk billed therapist near me,A$16.42,2,1,0.00
clinical psychologist near me,A$13.30,2,9,0.00
couples counselling near me,A$13.55,2,6,0.00
couples therapy near me,A$12.61,2,9,0.00
death anxiety,A$14.56,2,1,0.00
female psychologist newcastle,A$11.28,2,19,0.00
how do i get tested for adhd,A$15.42,2,3,0.00
marriage counselling lake macquarie,A$10.10,2,3,0.00
marriage counselling parramatta,A$8.96,2,1,0.00
new psych newcastle,A$7.99,2,14,0.00
ocd treatment australia,A$6.56,2,2,0.00
price of a psychologist,A$8.40,2,2,0.00
ptsd counselling near me,A$9.54,2,1,0.00
relationship counselling,A$23.00,2,14,0.00
therapist newcastle,A$14.68,2,10,0.00
therapy,A$18.25,2,29,0.00
adhd and depression,A$1.87,1,1,0.00
adhd doctors near me,A$4.37,1,2,0.00
adhd in women,A$13.00,1,6,0.00
adhd psychologist near me,A$3.83,1,3,0.00
adhd specialist psychologist,A$4.74,1,3,0.00
adult adhd support,A$1.60,1,1,0.00
anger management,A$4.86,1,7,0.00
anxiety expert near me,A$2.58,1,1,0.00
anxiety medication,A$4.21,1,6,0.00
autism psychologist newcastle,A$4.85,1,2,0.00
best marriage counsellor,A$6.27,1,1,0.00
best type of therapy for adhd,A$9.32,1,1,0.00
bulk billed psychologist,A$6.35,1,6,0.00
cbt therapy newcastle,A$5.51,1,2,0.00
clinical psychologist,A$8.07,1,8,0.00
counselling for relationship issues,A$5.45,1,1,0.00
counselling newcastle,A$4.31,1,24,0.00
counsellors near me,A$21.82,1,7,0.00
couple therapy,A$6.28,1,5,0.00
couple therapy newcastle,A$7.20,1,7,0.00
couples counseling newcastle,A$1.71,1,1,0.00
couples psychologist near me,A$3.72,1,1,0.00
couples therapist,A$3.99,1,1,0.00
couples therapist newcastle,A$3.57,1,6,0.00
couples therapy newcastle nsw,A$6.08,1,4,0.00
domestic violence psychologist near me,A$2.56,1,2,0.00
dr cynthia parker,A$2.13,1,1,0.00
forum for depression,A$1.45,1,1,0.00
getting diagnosed with adhd in australia,A$12.29,1,2,0.00
getting mental health help for a family member,A$1.92,1,1,0.00
gottman relationship therapy,A$3.80,1,1,0.00
help for depression,A$2.73,1,1,0.00
how can i get my confidence back,A$1.44,1,2,0.00
how much does therapy cost,A$3.11,1,2,0.00
how to ask doctor for adhd evaluation,A$2.10,1,1,0.00
how to be diagnosed with adhd as an adult,A$3.02,1,2,0.00
how to diagnose adhd in adults australia,A$2.45,1,1,0.00
how to get tested for bipolar,A$8.62,1,5,0.00
hummingbird centre,A$0.92,1,12,0.00
hummingbird centre newcastle,A$7.93,1,3,0.00
i hate my life,A$5.32,1,4,0.00
lee sturgeon psychologist,A$3.73,1,2,0.00
lgbtq relationship counseling near me,A$7.18,1,2,0.00
life psychology,A$1.20,1,3,0.00
male psychologist newcastle,A$3.64,1,3,0.00
marriage counseling,A$3.99,1,2,0.00
marriage counselling near me,A$4.08,1,8,0.00
medicare mental health,A$6.62,1,4,0.00
mental breakdown,A$5.44,1,3,0.00
mental health gp newcastle,A$15.92,1,2,0.00
mental health help newcastle,A$5.03,1,1,0.00
mental health line,A$2.47,1,12,0.00
mental health newcastle,A$5.46,1,10,0.00
mental health support newcastle,A$2.86,1,3,0.00
mental health ward,A$4.40,1,2,0.00
mental help support,A$3.26,1,1,0.00
my anxiety is ruining my life,A$5.57,1,1,0.00
neurodivergent therapists near me,A$4.65,1,1,0.00
newcastle mental health,A$2.23,1,6,0.00
newcastle psychologist,A$8.23,1,23,0.00
newcastle psychologists,A$12.48,1,8,0.00
newcastle psychology,A$1.79,1,6,0.00
newpsych newcastle,A$2.09,1,15,0.00
ocd psychologist newcastle,A$3.40,1,1,0.00
private mental health hospital newcastle,A$14.84,1,2,0.00
psychiatric help,A$5.71,1,1,0.00
psychiatrists newcastle nsw,A$6.63,1,8,0.00
psychological counselling,A$9.26,1,1,0.00
psychologist broadmeadow,A$2.95,1,5,0.00
psychologist charlestown,A$11.47,1,14,0.00
psychologist hamilton,A$7.55,1,3,0.00
