Search Keyword,Match type,Criterion Status,Campaign Status,Ad Group Status,Cost,Clicks,CTR
couples counseling newcastle,Broad match,Enabled,Enabled,Enabled,A$1.71,1,100.00%
counselling belmont,Broad match,Enabled,Enabled,Enabled,A$2.37,1,100.00%
psychologist hamilton,Broad match,Enabled,Enabled,Enabled,A$7.55,1,33.33%
mental health support newcastle,Broad match,Enabled,Enabled,Enabled,A$2.86,1,33.33%
psychologist cooks hill,Broad match,Enabled,Enabled,Enabled,A$23.97,5,21.74%
therapist newcastle,Broad match,Enabled,Enabled,Enabled,A$14.68,2,20.00%
psychologist broadmeadow,Broad match,Enabled,Enabled,Enabled,A$2.95,1,20.00%
adhd psychologist newcastle,Exact match,Removed,Enabled,Enabled,A$11.07,3,14.29%
female psychologist newcastle,Exact match,Removed,Enabled,Enabled,A$16.84,3,13.04%
couples therapy newcastle,Broad match,Enabled,Enabled,Enabled,A$58.90,8,12.12%
psychologist charlestown,Broad match,Enabled,Enabled,Enabled,A$11.47,1,7.14%
psychologist newcastle,Broad match,Enabled,Enabled,Enabled,A$112.35,10,6.58%
psychologist near me,Broad match,Enabled,Enabled,Enabled,"A$1,516.44",264,6.32%
newcastle psychologist,Exact match,Removed,Enabled,Enabled,A$38.61,5,5.88%
anxiety therapy belmont,Broad match,Enabled,Enabled,Enabled,A$23.15,7,5.38%
newcastle psychologist,Broad match,Enabled,Enabled,Enabled,A$8.23,1,5.00%
counselling newcastle,Broad match,Enabled,Enabled,Enabled,A$4.31,1,4.00%
online therapy australia,Broad match,Enabled,Enabled,Enabled,A$22.67,6,3.95%
online psychologist,Broad match,Enabled,Enabled,Enabled,A$78.65,14,3.13%
adhd psychologist,Broad match,Enabled,Enabled,Enabled,A$0.00,0,0.00%
counselling hamilton,Broad match,Enabled,Enabled,Enabled,A$0.00,0,0.00%
therapist belmont,Broad match,Enabled,Enabled,Enabled,A$0.00,0,0.00%
adhd psychologist,Phrase match,Removed,Enabled,Enabled,A$0.00,0,0.00%
psychologist newcastle nsw,Exact match,Removed,Enabled,Enabled,A$0.00,0,0.00%
depression counselling newcastle,Broad match,Enabled,Enabled,Enabled,A$0.00,0,0.00%
online psychologist australia,Exact match,Removed,Enabled,Enabled,A$0.00,0,0.00%
psychologist near me hamilton,Broad match,Enabled,Enabled,Enabled,A$0.00,0,0.00%
psychologist belmont,Broad match,Enabled,Enabled,Enabled,A$0.00,0,0.00%
anxiety therapy hamilton,Broad match,Enabled,Enabled,Enabled,A$0.00,0,0.00%
online psychologist australia,Broad match,Enabled,Enabled,Enabled,A$0.00,0,0.00%
psychologist cardiff,Broad match,Enabled,Enabled,Enabled,A$0.00,0,0.00%
online psychologist australia,Phrase match,Enabled,Enabled,Enabled,A$0.00,0,0.00%
telehealth psychologist,Broad match,Enabled,Enabled,Enabled,A$0.00,0,0.00%
therapist hamilton,Broad match,Enabled,Enabled,Enabled,A$0.00,0,0.00%
psychologist jesmond,Broad match,Enabled,Enabled,Enabled,A$0.00,0,0.00%
online couples counselling australia,Broad match,Enabled,Enabled,Enabled,A$0.00,0,0.00%
adhd newcastle,Broad match,Enabled,Enabled,Enabled,A$0.00,0,0.00%
trauma psychologist newcastle,Exact match,Removed,Enabled,Enabled,A$0.00,0,0.00%
female psychologist newcastle,Broad match,Enabled,Enabled,Enabled,A$0.00,0,0.00%
therapist charlestown,Broad match,Enabled,Enabled,Enabled,A$0.00,0,0.00%
psychologist edgeworth,Broad match,Enabled,Enabled,Enabled,A$0.00,0,0.00%
psychologist kotara,Broad match,Enabled,Enabled,Enabled,A$0.00,0,0.00%
psychologist adamstown,Broad match,Enabled,Enabled,Enabled,A$0.00,0,0.00%
counselling charlestown,Broad match,Enabled,Enabled,Enabled,A$0.00,0,0.00%
medicare psychologist online,Broad match,Enabled,Enabled,Enabled,A$0.00,0,0.00%
telehealth psychologist australia,Broad match,Enabled,Enabled,Enabled,A$0.00,0,0.00%
adhd psychologist newcastle,Broad match,Enabled,Enabled,Enabled,A$0.00,0,0.00%
trauma psychologist newcastle,Broad match,Enabled,Enabled,Enabled,A$0.00,0,0.00%
ndis psychologist telehealth,Broad match,Enabled,Enabled,Enabled,A$0.00,0,0.00%
psychologist video sessions,Broad match,Enabled,Enabled,Enabled,A$0.00,0,0.00%
