﻿<?xml version="1.0" encoding="utf-8"?>
<deployment>
  <id>f1ea1cb58b66448eb3a4b3452c0b6758</id>
  <author>N/A</author>
  <deployer>az_cli_functions</deployer>
  <authorEmail>N/A</authorEmail>
  <message>Created via a push deployment</message>
  <progress></progress>
  <status>Success</status>
  <statusText></statusText>
  <lastSuccessEndTime>2025-11-19T04:54:50.3178746Z</lastSuccessEndTime>
  <receivedTime>2025-11-19T04:54:44.207558Z</receivedTime>
  <startTime>2025-11-19T04:54:44.832576Z</startTime>
  <endTime>2025-11-19T04:54:50.3178746Z</endTime>
  <complete>True</complete>
  <is_temp>False</is_temp>
  <is_readonly>True</is_readonly>
  <project_type>BASIC</project_type>
  <vsproject_id></vsproject_id>
</deployment>